channel,energy,-9 arc min,-9 arc min err,-7 arc min,-7 arc min err,-5 arc min ,-5 arc min  err,-3 arc min,-3 arc min err,-1 arc min,-1 arc min err,on-axis,on-axis err,+1 arc min,+1 arc min err,+3 arc min,+3 arc min err,+5 arc min,+5 arc min err,+7 arc min ,+7 arc min  err,+9 arc min ,+9 arc min  err
1.0,-0.3627,0.0,0.0,0.0,0.0,0.0,0.0,0.0,0.0,0.0,0.0,0.0,0.0,0.0,0.0,0.0,0.0,0.0,0.0,0.0,0.0,0.0,0.0
2.0,-0.25539999999999996,0.0,0.0,0.0,0.0,0.0,0.0,0.0,0.0,0.0,0.0,0.0,0.0,0.0,0.0,0.0,0.0,0.0,0.0,0.0,0.0,0.0,0.0
3.0,-0.14809999999999995,0.0,0.0,0.0,0.0,0.0,0.0,0.0,0.0,0.0,0.0,0.0,0.0,0.0,0.0,0.0,0.0,0.0,0.0,0.0,0.0,0.0,0.0
4.0,-0.04079999999999995,0.0,0.0,0.0,0.0,0.0,0.0,0.0,0.0,0.0,0.0,0.0,0.0,0.0,0.0,0.0,0.0,0.0,0.0,0.0,0.0,0.0,0.0
5.0,0.0665,0.0,0.0,0.0,0.0,0.0,0.0,0.0,0.0,0.0,0.0,0.0,0.0,0.0,0.0,0.0,0.0,0.0,0.0,0.0,0.0,0.0,0.0
6.0,0.17380000000000007,0.0,0.0,0.0,0.0,0.0,0.0,0.0,0.0,0.0,0.0,0.0,0.0,0.0,0.0,0.0,0.0,0.0,0.0,0.0,0.0,0.0,0.0
7.0,0.2811000000000001,0.0,0.0,0.0,0.0,0.0,0.0,0.0,0.0,0.0,0.0,0.0,0.0,0.0,0.0,0.0,0.0,0.0,0.0,0.0,0.0,0.0,0.0
8.0,0.3884000000000001,0.0,0.0,0.0,0.0,0.0,0.0,0.0,0.0,0.0,0.0,0.0,0.0,0.0,0.0,0.0,0.0,0.0,0.0,0.0,0.0,0.0,0.0
9.0,0.49570000000000003,0.0,0.0,0.0,0.0,0.0,0.0,0.0,0.0,0.0,0.0,0.0,0.0,0.0,0.0,0.0,0.0,0.0,0.0,0.0,0.0,0.0,0.0
10.0,0.603,0.0,0.0,0.0,0.0,0.0,0.0,0.0,0.0,0.0,0.0,0.0,0.0,0.0,0.0,0.0,0.0,0.0,0.0,0.0,0.0,0.0,0.0
11.0,0.7103000000000002,0.0,0.0,0.0,0.0,0.0,0.0,0.0,0.0,0.0,0.0,0.0,0.0,0.0,0.0,0.0,0.0,0.0,0.0,0.0,0.0,0.0,0.0
12.0,0.8176000000000001,0.0,0.0,0.0,0.0,0.0,0.0,0.0,0.0,0.0,0.0,0.0,0.0,0.0,0.0,0.0,0.0,0.0,0.0,0.0,0.0,0.0,0.0
13.0,0.9249,0.0,0.0,0.0,0.0,0.0,0.0,0.0,0.0,0.0,0.0,0.0,0.0,0.0,0.0,0.0,0.0,0.0,0.0,0.0,0.0,0.0,0.0
14.0,1.0322000000000002,0.0,0.0,0.0,0.0,0.0,0.0,0.0,0.0,0.0,0.0,0.0,0.0,0.0,0.0,0.0,0.0,0.0,0.0,0.0,0.0,0.0,0.0
15.0,1.1395000000000002,0.0,0.0,0.0,0.0,0.0,0.0,0.0,0.0,0.0,0.0,0.0,0.0,0.0,0.0,0.0,0.0,0.0,0.0,0.0,0.0,0.0,0.0
16.0,1.2468000000000001,0.0,0.0,0.0,0.0,0.0,0.0,0.0,0.0,0.0,0.0,0.0,0.0,0.0,0.0,0.0,0.0,0.0,0.0,0.0,0.0,0.0,0.0
17.0,1.3541,0.0,0.0,0.0,0.0,0.0,0.0,0.0,0.0,0.0,0.0,0.0,0.0,0.0,0.0,0.0,0.0,0.0,0.0,0.0,0.0,0.0,0.0
18.0,1.4614,0.0,0.0,0.0,0.0,0.0,0.0,0.0,0.0,0.0,0.0,0.0,0.0,0.0,0.0,0.0,0.0,0.0,0.0,0.0,0.0,0.0,0.0
19.0,1.5687,0.0,0.0,0.0,0.0,0.0,0.0,0.0,0.0,0.0,0.0,0.0,0.0,0.0,0.0,0.0,0.0,0.0,0.0,0.0,0.0,0.0,0.0
20.0,1.676,0.0,0.0,0.0,0.0,0.0,0.0,0.0,0.0,0.0,0.0,0.0,0.0,0.0,0.0,0.0,0.0,0.0,0.0,0.0,0.0,0.0,0.0
21.0,1.7833000000000003,0.0,0.0,0.0,0.0,0.0,0.0,0.0,0.0,0.0,0.0,0.0,0.0,0.0,0.0,0.0,0.0,0.0,0.0,0.0,0.0,0.0,0.0
22.0,1.8906000000000003,0.0,0.0,0.0,0.0,0.0,0.0,0.0,0.0,0.0,0.0,0.0,0.0,0.0,0.0,0.0,0.0,0.0,0.0,0.0,0.0,0.0,0.0
23.0,1.9979000000000002,0.7012551621070504,0.49175880238178554,0.8051203215743759,0.6482187322120264,0.8662725794826724,0.7504281819635631,1.1392056826027674,1.2977895872744374,0.0,0.0,1.1203375946434575,1.2551563259714882,1.2296471336122061,1.5120320732007146,0.9689814988144809,0.9389251450447579,0.976569566914436,0.9536881190234491,0.8777123062784925,0.7703788925927102,0.6430620790146664,0.413528837466665
24.0,2.1052,1.7920530540171227,3.211454148412096,2.3197905960277265,5.381428409418675,3.183704660557834,10.135975365657671,3.5448815073523376,12.566184901168581,0.0,0.0,3.6496877469127793,13.320220649965279,3.626399231658581,13.150771387373945,3.0787857520032738,9.478921706738364,2.6353869941038206,6.945264608691571,2.3197905960277265,5.381428409418675,1.9095880653664092,3.6465265793898256
25.0,2.2125000000000004,1.9620316944537386,3.8495683700410086,2.420605609338538,5.859331515961195,3.070088939070044,9.425446093800229,3.0460633312960486,9.278501818266381,0.0,0.0,3.8501489624477507,14.823647033037492,3.610265144918519,13.034014416613536,3.298249616141517,10.878450530377664,2.973975487957794,8.844530202973798,2.7816520472181137,7.737588111792723,1.877332027739396,3.524375542376112
26.0,2.3198,1.5879724626285225,2.5216565420664945,2.139215385490488,4.5762424655192175,2.0169872503242936,4.068237567970755,2.6620064745461267,7.086278470525499,0.0,0.0,2.888182189172975,8.341596357855998,2.6707088286744245,7.132685647559517,2.40950104513152,5.805695286489887,1.9820421888599704,3.928491238420823,1.8333941362062676,3.361334058675526,1.4824914598463284,2.197780928517298
27.0,2.4271000000000003,2.268344783574698,5.1453880571705435,2.5196622300079623,6.348697753328698,3.1003815132389874,9.612365527634074,3.811629435993595,14.528518957332851,0.0,0.0,3.8379517581230327,14.729873697679677,3.8379517581230327,14.729873697679677,3.6668348625545506,13.44567790924545,3.1267470452768715,9.776547085147646,2.6517780989288195,7.031927085958544,2.374215689717179,5.636900141299219
28.0,2.5344000000000007,1.839089553141429,3.382250384473941,2.284686322661463,5.219791592956359,2.8455099588624826,8.096926925985567,3.1603920134367276,9.988077678594653,0.0,0.0,3.5215883835381896,12.401584743071119,3.9058011646412942,15.25528273771329,3.6846187053829653,13.57641500405804,2.9854970857664984,8.913192849120255,2.4250538493582425,5.88088617228723,2.1324592461458978,4.54738243647313
29.0,2.6417,1.4540010469892968,2.114119044645971,1.9970424463261132,3.9881785324281864,2.138535064544161,4.5733322222848996,2.230012189126155,4.972954363651226,0.0,0.0,2.612052267416898,6.822817047717759,2.4128163655742036,5.821682813982709,2.32974632814071,5.42771795348512,2.4045109456683176,5.781672887838747,2.0553230813415535,4.224352968695338,1.638272484096487,2.6839367321476746
30.0,2.7490000000000006,1.4976943321482745,2.243088312549066,1.9709415203237215,3.8846104765359826,2.2148223793020554,4.9054381718572175,2.636721173647656,6.952298547561872,0.0,0.0,2.685352198460952,7.211116429779069,2.9850752381153414,8.910674177209362,2.70966456472866,7.342282053346158,2.279788988886001,5.1974378338458544,1.881395782800526,3.5396500915396043,1.5222546927781886,2.317259349685217
31.0,2.8563,1.980025500667466,3.92050098329345,2.471815458782372,6.109871662275508,3.358505001057546,11.279555842128548,3.5914645973046624,12.89861795369274,0.0,0.0,4.301429644402789,18.5022969857471,4.1036401314481985,16.839862328432186,3.626399231658581,13.150771387373945,3.2652876141685443,10.662103203242504,2.752144839833849,7.574301219424083,2.2495731436743682,5.06057932874098
32.0,2.9636000000000005,1.7761605371566092,3.1547462537524544,2.268554436770493,5.146339232591089,2.5988647383492984,6.7540979282353675,2.9999922613248087,8.999953568008738,0.0,0.0,3.1692153824807385,10.043926140552534,3.3383729414385073,11.144733896128791,2.866341122561115,8.215911430884912,2.518567902212687,6.343184278056014,2.268554436770493,5.146339232591089,1.8030802588907149,3.2510984200014073
33.0,3.0709,1.5550883862529787,2.4182998890588934,1.8422265662050101,3.3937987212315024,2.3031011484384623,5.304274899938564,2.707335505095399,7.3296655371501584,0.0,0.0,2.810275783758727,7.897649980780728,3.134738356911023,9.82658456628922,2.723174704247685,7.415680469854466,2.3586283390529226,5.563127641783549,2.088754689537661,4.36289615306557,1.7227198775106145,2.9677637763701865
34.0,3.1782000000000004,1.224503753302997,1.499409441853127,1.3751787791554226,1.8911166746393986,1.7448241496895727,3.0444113133399404,2.0651159942057404,4.264704069524364,0.0,0.0,2.3102458263881607,5.337235778343915,2.17705996638232,4.739590097224587,2.2143602608315955,4.9033913647501715,1.7822336749638288,3.1763568721750746,1.4771606816728913,2.182003679480321,1.197537812180285,1.4340968116015438
35.0,3.2855,1.644928046037844,2.7057882766418793,2.079871757274465,4.325866526707972,2.492154181234496,6.210832463044581,2.776059141865796,7.70650435913666,0.0,0.0,3.1447903067484475,9.889706073418994,3.2227524500471336,10.386133354284803,2.8895507422497455,8.349503492036055,2.527658016582518,6.38905504879387,2.086988348962829,4.355520368706595,1.644928046037844,2.7057882766418793
36.0,3.3928000000000003,1.9232115543952393,3.6987426829593524,2.357191380175139,5.556351202771977,2.627043512926738,6.901357618810456,3.0880829392190936,9.536256239496035,0.0,0.0,3.4919935954039443,12.194019270342165,3.5274115565267525,12.442632289118487,3.2510994606570183,10.569647703084355,2.8186226594559116,7.9446336963983155,2.1652488017218228,4.688302373357789,2.0229261468995214,4.092230195809744
37.0,3.5001000000000007,1.5751403809982627,2.481067219851352,1.7538851411744976,3.0761130884326873,2.2467119708565746,5.047714679990234,2.649532364830769,7.020021752285727,0.0,0.0,2.82724491898089,7.993313831903259,2.9212982415210234,8.533983415913823,2.6286196283737984,6.909641150672006,2.398491458384161,5.752761275941778,1.9375728665253182,3.7541886130951387,1.5698775609531468,2.464515556384201
38.0,3.6074,1.4930986230316607,2.229343498099041,1.852189421869914,3.430605654486806,2.2332392129111813,4.987357382084153,2.5678541915079305,6.593875148844847,0.0,0.0,2.6915301942114245,7.244334786351788,2.6594697771487397,7.072779495567567,2.489962820107603,6.199914845518207,2.0359279371062504,4.145002565089713,1.8659775393190092,3.481872177243025,1.4700299773896055,2.160988134424084
39.0,3.7147000000000006,1.147212431464997,1.3160963629078304,1.4586192341251358,2.127570070159798,1.8742850109736005,3.5129443023603097,1.9695118375173197,3.878976878120849,0.0,0.0,2.343230467875027,5.490729025577817,2.265131486270385,5.130820650093484,1.986511668761573,3.9462286101258894,1.8062341159768185,3.262481681718559,1.6223363494826157,2.63197523085258,1.1575086211731662,1.3398262080902044
40.0,3.822,1.4997200488185662,2.249160224828363,1.8355864025126896,3.3693774410894775,2.1412584392595835,4.584987703700388,2.3251999075482255,5.406554610062276,0.0,0.0,2.674406739364931,7.152451407560561,2.6009147896944307,6.7647577432512245,2.5347614609146256,6.425015663738047,2.152298513767657,4.632388892366465,1.8355864025126896,3.3693774410894775,1.4220486993734336,2.022222503389674
41.0,3.9293000000000005,1.5192770145465324,2.3082026469294243,1.8076524782375751,3.267607482078447,2.4093086220524134,5.804768036296099,2.7002235558176246,7.291207251392376,0.0,0.0,2.9909597416803524,8.9458401763526,2.8550499116945454,8.151309998267031,2.8097395932178695,7.894636581696119,2.3639508601074724,5.588263669002858,1.9440298960821196,3.7792522368610566,1.5762552194692228,2.4845805169039674
42.0,4.036600000000001,1.1079318867087184,1.2275130655859405,1.3122026658525308,1.7218758362704885,1.5884118029941396,2.5230520558910934,1.7799959255072983,3.1683854948225836,0.0,0.0,2.113664086067568,4.467575868731848,2.0530290331345724,4.214928210893477,1.8500356708321901,3.4226319833515118,1.6889050817721998,2.852400375235961,1.450400455426579,2.1036614811016277,1.0514402527297482,1.1055266050603967
43.0,4.1439,1.4795145557006983,2.188963320530235,1.9003010958820379,3.611144255010474,2.2168197172091078,4.914289658607069,2.6490744374377004,7.017595375085869,0.0,0.0,3.0036175859558103,9.02171860266301,3.058393543992944,9.353771069937721,2.797363390626153,7.825241939215447,2.4588123046889248,6.045757949689662,2.045694539248641,4.184866147911709,1.489242523076212,2.217843292538402
44.0,4.251200000000001,0.9534353441138442,0.9090389554054845,1.201741330287289,1.444182224920663,1.4115286881393128,1.9924132374402892,1.6101894565437123,2.5927100859645353,0.0,0.0,1.7693000728469317,3.1304227477761577,1.7550031470260412,3.0800360460713083,1.6513207573953044,2.7268602438046017,1.4473454141797406,2.0948087479471247,1.2161025676186912,1.4789054549687732,0.9552396373732505,0.912482764808979
45.0,4.3585,1.1225251600742228,1.2600627349996594,1.4234619004371427,2.026243781996122,1.7195581377655578,2.956880189155753,1.7989568407155139,3.2362457147571426,0.0,0.0,2.1182770887270195,4.487097824625817,2.114312451773767,4.470317143725597,1.868406836898569,3.4909441081693156,1.7751404455950304,3.151123601587323,1.345843245162196,1.8112940405487108,1.1764286266386668,1.3839843135749397
46.0,4.465800000000001,0.997108240572816,0.9942248434182167,1.3684241118342972,1.8725845498494853,1.5342979842698092,2.3540703045343996,1.7697028088203233,3.1318480315465416,0.0,0.0,1.9090785981195624,3.6445810937981538,1.996152630236588,3.984625323200448,1.7470466270574265,3.0521719171127306,1.5587252180842255,2.4296243054917164,1.3439594338938587,1.8062269599523013,1.0761155215745346,1.1580246157736327
47.0,4.5731,0.8984006505220375,0.8071237288584202,1.1290769242073773,1.2748147007775916,1.3674451113554802,1.8699061325700017,1.4765207970126704,2.180113664010931,0.0,0.0,1.6421132262814762,2.6965358479285584,1.7085935939749806,2.9192920693723408,1.5260735305903947,2.3289004207686324,1.299401121457482,1.6884432744449622,1.1333395294858004,1.2844584890950954,0.9625923318633655,0.9265839973621515
48.0,4.680400000000001,0.9973464391592276,0.9946999197035908,1.2549000138587632,1.5747740447827239,1.3921215026988962,1.9380022782766329,1.6399271073132107,2.6893609173006747,0.0,0.0,1.8146551748960829,3.292973403777133,1.7243951534504736,2.973538645243482,1.7535148168915344,3.0748142130581515,1.5102417613184707,2.2808301776303166,1.178905318552785,1.3898177501120432,0.9665368334826433,0.934193450478655
49.0,4.787700000000001,1.112913267648435,1.2385759413079171,1.3578711699748325,1.8438141142488205,1.6995944350283119,2.8886212435792067,1.878192939897406,3.527608719480461,0.0,0.0,2.032780260051411,4.1321955856546815,2.0662383938084683,4.269341100048199,1.9132606147353592,3.6605661798975246,1.6692827578561737,2.786504925675913,1.3978351190498832,1.9539430200492012,1.1161205889474601,1.2457251690724254
50.0,4.8950000000000005,1.0331306106352984,1.0673588586316647,1.2666938602125262,1.6045133355001109,1.5038350517710497,2.2615198629352355,1.653415846323529,2.7337839608737515,0.0,0.0,1.8651486206411274,3.4787793770795004,1.9329250329854308,3.736199183141729,1.7752178242607968,3.151398323573237,1.5010638503265477,2.2531926827571604,1.2777989701867685,1.6327702082103661,1.05819449334956,1.119775585755332
51.0,5.002300000000001,0.9843605791408246,0.9689657497664597,1.2764108996569816,1.6292247847631451,1.449787746310619,2.101884509352424,1.7503087211721011,3.063580619411116,0.0,0.0,2.054613168044625,4.221435270302371,1.9080292085898118,3.640575460831864,1.8360971157117616,3.37125261832505,1.6686445753485228,2.784374718840052,1.3402430784491606,1.7962515093308828,1.05819449334956,1.119775585755332
52.0,5.1096,0.8144586428716233,0.6633428809482864,0.9661825232793259,0.933508668290405,1.1144014187388498,1.2418905220871612,1.3754698935650844,1.8919174281039446,0.0,0.0,1.533298361993392,2.351003866891619,1.543476348666301,2.382319238892257,1.4019544062104978,1.9654761570930295,1.2215553732882924,1.4921975300094994,1.0786538406941244,1.1634941080441854,0.8185672173903156,0.6700522893861242
53.0,5.216900000000001,0.9147722759446588,0.836808316836971,1.1655702570704354,1.358554024167241,1.3473779477814771,1.8154273341678249,1.5157405628969662,2.297469454011212,0.0,0.0,1.6751622811278544,2.8061686681134765,1.6245991454006787,2.6393223832366157,1.6136057697553068,2.603723580187616,1.363892184424293,1.8602018907336697,1.178803441149618,1.389577552866181,0.9446612820016665,0.8923849377130322
54.0,5.3242,0.8007107580551928,0.6411377180653215,0.9758586554843541,0.9523001154837314,1.164526401818585,1.3561217405325405,1.3387795594779992,1.7923307088761056,0.0,0.0,1.5165661942749058,2.2999730216174714,1.5025364994330999,2.2576159321286737,1.426759213136531,2.035641852269973,1.3050719319645239,1.7032127476016148,1.0538241307134315,1.1105452984739195,0.8930804691991622,0.7975927244649956
55.0,5.431500000000001,0.6819037301858627,0.46499269724139386,0.8751393895461511,0.76586895113521,1.064287110738545,1.1327070540842,1.2206162665263312,1.4899040701086794,0.0,0.0,1.3702770118259082,1.8776590891385403,1.320137006929049,1.742761717063588,1.3160927830736864,1.7321002136586414,1.1250658316894786,1.265773125635138,0.9393377258353681,0.8823553631775612,0.8018913574430524,0.6430297491418612
56.0,5.538800000000001,0.8066527170656939,0.6506886059494663,1.0134378723546804,1.0270563211227814,1.1959673772681043,1.4303379674895482,1.3981130480186972,1.9547200950401318,0.0,0.0,1.5773914799345854,2.4881638809702213,1.5909672673456914,2.5311768457654167,1.386336417094465,1.9219286613623183,1.2866527777551304,1.6554753705049932,1.0443426319370894,1.0906515328812871,0.8440733174392054,0.7124597652128257
57.0,5.646100000000001,0.8708475847407078,0.7583755158487242,1.017155570445218,1.0346054544877368,1.2685786269800292,1.609291732830536,1.357448813300669,1.8426672807313946,0.0,0.0,1.5743901826053097,2.4787044470839805,1.6137275286416661,2.6041165366959396,1.5286410828710946,2.3367435602413127,1.3226402656357898,1.7493772722811127,1.1089970434428837,1.2298744423650574,0.8754550984387639,0.7664216293824258
58.0,5.753400000000001,0.8901958344150405,0.7924486236098901,1.074110275519124,1.1537128839757687,1.3143949383074252,1.72763405384818,1.4654917705318726,2.147666129496643,0.0,0.0,1.699700871628381,2.8889830530142784,1.64208333679007,2.6964376849636107,1.4975264004367561,2.242585320005068,1.3382135034102016,1.7908153807094056,1.1457046825031538,1.3126392195096526,0.8975643684632505,0.8056217955348337
59.0,5.8607000000000005,0.8003461696302083,0.6405539912417462,0.9559056786279927,0.9137556664332432,1.1297558189731216,1.2763482105036288,1.313410782882989,1.7250478845933062,0.0,0.0,1.3896056943849822,1.9310039858671684,1.4743168626289438,2.173610211432052,1.3826095741540574,1.911609234542464,1.1749169491097002,1.380429837305246,1.0097399793632948,1.0195748259245871,0.8175706015254527,0.6684216884786905
60.0,5.968000000000001,0.7790572175792612,0.6069301482623403,0.9378152853903302,0.8794975095117465,1.0873999099448477,1.1824385641480628,1.308075514090806,1.7110615505639264,0.0,0.0,1.4353800706508315,2.060315947221586,1.4550141155725482,2.1170660765153646,1.2360151808490139,1.5277335272892205,1.164645601797364,1.3563993777859444,0.954613521204895,0.9112869748672084,0.7629277756803714,0.5820587909045991
61.0,6.0753,0.7635800215035082,0.5830544492392981,0.9179314651813558,0.8425981747699907,1.1278119860427458,1.2719598758616826,1.3312944878565571,1.7723450133972527,0.0,0.0,1.441496412805111,2.077911908130003,1.3692767306440792,1.874918765083338,1.2813832037766626,1.641942914920944,1.1263200184624325,1.2685967839892143,0.9784924562829734,0.9574474870026867,0.8280865155777458,0.6857272772816922
62.0,6.182600000000001,0.7181233694718419,0.5157011737815915,0.8654351303117536,0.7489779647777218,1.0308140948939168,1.062577698231965,1.1932279027092731,1.4237928278039707,0.0,0.0,1.3415983166422059,1.7998860432172004,1.3139126807613999,1.7263665326656084,1.2387432770697235,1.5344849064854378,1.0347785574392645,1.0707666629360852,0.9131080770570116,0.8337663603867534,0.7513529687070655,0.5645312835849206
63.0,6.2899,0.8284771459704146,0.6863743813952836,0.9765416906729805,0.9536336736224431,1.1807401959611035,1.394147410358265,1.2928458240221492,1.67145032469151,0.0,0.0,1.4740059672528179,2.172693591496915,1.5025560050142643,2.257674548204426,1.3883335833094446,1.9274701385448425,1.261254804197217,1.5907636811105599,1.020286188545994,1.0409839065377116,0.839068016768605,0.704035136764
64.0,6.397200000000001,0.7968208851541478,0.6349235230178396,1.0773662617456088,1.1607180619477075,1.291953085275541,1.6691427745529892,1.4002807610051173,1.9607862096410706,0.0,0.0,1.5958974442342166,2.5468886525133048,1.5286480814813754,2.33676495701669,1.4072424360337883,1.9803312737743108,1.2486012870075587,1.559005173916932,1.0471176095224042,1.096455288171914,0.8964593085001026,0.8036392917964821
65.0,6.504500000000001,0.7553120984316215,0.5704963660371795,0.9226055360099324,0.8512009750761748,1.1035376305091937,1.2177953019498458,1.233815431944712,1.5223005201049165,0.0,0.0,1.4109171037810286,1.9906870737418458,1.3411705683518302,1.7987384934131714,1.3150090798187768,1.729248880005826,1.1364562423406128,1.2915327907549456,0.9670374891054442,0.935161505335362,0.7823394214464475,0.6120549703491622
66.0,6.611800000000001,0.7463321710728138,0.5570117095782599,0.9347339070834844,0.873727477051556,1.1046567755526648,1.2202665917744104,1.267014031763566,1.6053245566857668,0.0,0.0,1.396775300993921,1.9509812414666585,1.345808496620247,1.8112005095752495,1.2848949611541924,1.6509550611994337,1.1431114663503499,1.3067038245016471,0.972600109932065,0.9459509738398649,0.7376566159054738,0.5441372829891158
67.0,6.719100000000001,0.6773988684355703,0.4588692269577911,0.842929161875112,0.7105295719394789,0.940465668269888,0.884475673194327,1.1409254106376636,1.3017107926387212,0.0,0.0,1.281274462895098,1.641664249267122,1.2473491795079987,1.5558799756192776,1.1317173307451225,1.280784116708865,1.0240423699033618,1.0486627753572937,0.8550579508131995,0.7311240992488678,0.7040757247378504,0.4957226261651293
68.0,6.8264000000000005,0.7094366269494152,0.5033003276573638,0.9199050928307712,0.8462253798159897,1.079088047724856,1.1644310147426409,1.216719770702162,1.4804070004175216,0.0,0.0,1.3791566495172147,1.9020730639075494,1.4235448697887663,2.0264799963019153,1.2836593575699102,1.6477813462767947,1.1369608348491438,1.292679939980862,0.9644597575698735,0.9301826239717391,0.7597038413246602,0.5771499265234444
69.0,6.933700000000001,0.6922230213195898,0.47917271124482125,0.8599776591091292,0.7395615741668176,1.0266871067354528,1.054086415136815,1.175398410024851,1.3815614222889476,0.0,0.0,1.3314605618167068,1.7727872276732606,1.3110888389796442,1.7189539436969914,1.1657401833730099,1.3589501751305386,1.0578411981128228,1.1190280004247726,0.864823309856974,0.7479193572719717,0.7203224769936639,0.5188644708622875
70.0,7.041,0.5690999298210394,0.323874730122312,0.6895946253296651,0.47554074728356116,0.8062975590390039,0.6501157537122559,0.9171186142064259,0.8411065525239151,0.0,0.0,1.045105155199062,1.0922447854236554,1.04661002412818,1.0953925426055895,1.0138750656832742,1.0279426488142636,0.8613522924895249,0.7419277717769601,0.7236163085814735,0.5236205620450783,0.6021184717449158,0.362546654016433
71.0,7.148300000000001,0.5270478228324551,0.27777940755243097,0.6658703760117806,0.44338335765007003,0.7641607539787597,0.5839416579213865,0.8889610589026383,0.7902517642453,0.0,0.0,0.9891810227510216,0.9784790957707571,0.9672564893929548,0.9355851162727833,0.9047912998582636,0.8186472962992062,0.7730622499451247,0.5976252422902185,0.6667065627866585,0.44449764086280064,0.5368478402046762,0.2882056035324256
72.0,7.2556,0.4953240132158572,0.24534587806826266,0.5994092177904677,0.3592914103721804,0.7210101094647661,0.5198555779503939,0.8233939519834613,0.6779776001629426,0.0,0.0,0.9396439882846549,0.8829308247194927,0.9198772446314301,0.8461741451907118,0.8673509489667766,0.7522976686735678,0.7558197314955459,0.5712634665179992,0.636904005910855,0.4056467127452945,0.5047850669278029,0.25480796379330645
73.0,7.362900000000001,0.4350769156427875,0.18929192252524124,0.5396919455904392,0.2912673961351936,0.657410492884025,0.43218855615401663,0.7578748156654601,0.5743742362199551,0.0,0.0,0.8493997888018947,0.7214800012167033,0.8291245686499659,0.687447550338992,0.7711400786711722,0.5946570209329817,0.6908693423311861,0.47730044817312567,0.5689211143635976,0.3236712343687177,0.4387461455353233,0.1924981802221031
74.0,7.470200000000001,0.37188551141178894,0.1382988335980078,0.4623799965279778,0.21379526118921274,0.5647520821590072,0.318944914302934,0.6447546847343536,0.4157086034868957,0.0,0.0,0.7223689168366058,0.521816852011691,0.7186211204463426,0.5164163147515569,0.6565643297989884,0.4310767191643948,0.5751370648120556,0.3307826433206267,0.4828751655102414,0.23316842546654304,0.391251596867812,0.1530778120516129
75.0,7.5775000000000015,0.29474589675377627,0.08687514365318774,0.3608844102185631,0.13023755753880012,0.4401152036784621,0.19370139250893414,0.4978813487954254,0.24788583747835205,0.0,0.0,0.5583984375010721,0.3118088150036387,0.5607941028165996,0.31449002575387486,0.5137880379293287,0.2639781479192693,0.4567788355972003,0.20864690464953412,0.3842052167429412,0.14761364857249043,0.29874298612212935,0.08924737175716677
76.0,7.6848,0.25510100226727667,0.06507652135776909,0.3144778287500248,0.09889630477532992,0.3788768684972462,0.14354768148227962,0.4291338253176064,0.18415584003172195,0.0,0.0,0.48361146175289965,0.23388004593877632,0.47936783605351213,0.2297935222426269,0.4436726498238412,0.1968454202017088,0.39461247685650264,0.15571900689082382,0.33233548931099854,0.11044687745558082,0.264474751468151,0.06994689416414025
77.0,7.7921000000000005,0.23901715746747498,0.05712920156383173,0.29432624824759873,0.08662794040750711,0.3580639981943094,0.1282098268028944,0.40687126184474853,0.1655442237151379,0.0,0.0,0.45984597784759046,0.21145832334260667,0.4557255001409715,0.20768573147873864,0.41965955025983676,0.17611413812428844,0.37327537059444627,0.1393345022924212,0.31277649815519026,0.09782913779822373,0.24540031072440363,0.06022131250363385
78.0,7.899400000000001,0.2429359134596721,0.0590178580484853,0.2979349415920144,0.08876522942143703,0.3542053401353121,0.1254614229803721,0.4072136716214108,0.1658229743553902,0.0,0.0,0.4591633604467614,0.21083099157676255,0.4626147955818454,0.21401244909123257,0.42479522720141233,0.18045098505309953,0.3749753973213198,0.14060654859628163,0.3151042671174776,0.09929069915564266,0.24652721195726032,0.06077566623541996
79.0,8.0067,0.22274523811739377,0.04961544110397445,0.2737937779195025,0.07496303282743384,0.3316348004870008,0.10998164089405281,0.3816149536770456,0.14562997286993368,0.0,0.0,0.4256001696925394,0.18113550444231832,0.43023870794396035,0.1851053458132884,0.39460040599112545,0.15570948040836102,0.3476817963305867,0.12088263149966358,0.29365338863993196,0.08623231265971491,0.23494393875477032,0.055198654357605265
80.0,8.113999999999999,0.23420658830926244,0.054852726007464346,0.2895975706468362,0.0838667529245493,0.35029699282578985,0.12270798318279147,0.40233072926050806,0.16187001570729223,0.0,0.0,0.44591943422511804,0.19884414181964938,0.4460072828491955,0.19892249635452228,0.41057214536182507,0.16856948654701162,0.3625530090706833,0.13144468438620696,0.30276438172165565,0.09166627083929642,0.24423738171532502,0.05965189862715738
81.0,8.2213,0.2590462645398147,0.06710496717203167,0.32593068819164583,0.10623081350507986,0.3841452307360493,0.14756755829725254,0.45121783894885353,0.20359753818567353,0.0,0.0,0.4930169136309666,0.243065677126204,0.5031573153803317,0.25316728402074257,0.463449015327425,0.21478498980795982,0.40532652472857644,0.16428959164854529,0.3416040785585205,0.11669334648781583,0.2671959834067862,0.07139369354871956
82.0,8.3286,0.2724048847777117,0.07420442125075838,0.34203371555441914,0.1169870625759613,0.4100972618774619,0.1681797641993916,0.46875986292671434,0.21973580909107202,0.0,0.0,0.5237907967371959,0.2743567987465864,0.51997915949885,0.27037832631313047,0.4804775336449189,0.23085866033750418,0.4217601624381787,0.17788163461987888,0.3561353014166578,0.1268323529151337,0.28057686352023203,0.07872337634285091
83.0,8.4359,0.29884396987799783,0.08930771833244168,0.37311541137037857,0.13921511020208682,0.44761733601073084,0.2003612794973435,0.5194382713762756,0.26981611777037334,0.0,0.0,0.572225179173727,0.3274416556804039,0.5677100765491625,0.32229473101545597,0.5274858656724547,0.27824133848421895,0.4608591861463283,0.2123911894554561,0.3868598119967499,0.14966051413816067,0.30401513374629335,0.09242520154677664
84.0,8.5432,0.3321630208747288,0.11033227243662554,0.41653771508342574,0.17350366808692116,0.5119972822410844,0.2621412170222567,0.5780002621057295,0.33408430299429204,0.0,0.0,0.6438716938735063,0.4145707581715382,0.6424534611237351,0.4127464497098667,0.596720079843828,0.35607485368882447,0.519440110814443,0.26981802872292077,0.43552947006305476,0.1896859192934053,0.3531413724785678,0.12470882895604657
85.0,8.6505,0.34127361269294626,0.11646767872049509,0.4238259794011083,0.17962846081530864,0.5093262738364347,0.2594132532201069,0.5860108809529495,0.34340875259525194,0.0,0.0,0.6330688465785066,0.4007761645082407,0.6453471628041022,0.4164729605393044,0.5966370056146397,0.35597571646880366,0.5150631679895425,0.2652900670194237,0.4420787921131248,0.1954336584361994,0.3486438332371814,0.12155252245431555
86.0,8.7578,0.41925491172993,0.17577468100967142,0.5231701723583094,0.2737070292454232,0.6233172980628271,0.3885244540643432,0.7230294838886627,0.522771634572306,0.0,0.0,0.8145001086927731,0.6634104270605392,0.8113253002222275,0.6582487427806876,0.7473025306221376,0.5584610722742509,0.6443147807273063,0.4151415366636768,0.5541568837454558,0.3070898518024746,0.4410227977625837,0.19450110814633678
87.0,8.8651,0.3992558936113159,0.15940526858337042,0.4935651142160106,0.2436065219710636,0.6052072019551199,0.3662757572983453,0.7061940266894536,0.49871000333186477,0.0,0.0,0.7717806439990034,0.5956453624515163,0.7786069366889876,0.6062287618602091,0.724694244465582,0.5251817479615406,0.6190339075603732,0.38320297870946474,0.5064331285989849,0.25647451374255603,0.4239547651339055,0.17973764287974497
88.0,8.9724,0.47543665595371637,0.22604001382445246,0.5963081010971867,0.3555833514341326,0.7208236745825829,0.5195867698387374,0.8327337734165511,0.6934455373885678,0.0,0.0,0.9451225523059921,0.8932566388773927,0.9566596417967508,0.9151976702426875,0.8685883881685805,0.7544457880612927,0.7461798893476262,0.5567844272668357,0.6329048529596742,0.4005685528999069,0.4885110377484041,0.2386430340020227
89.0,9.0797,0.5187761881687012,0.26912873341084764,0.673424803287301,0.4535009656825401,0.8020707146142974,0.6433174312418897,0.9423951378087142,0.8881085957655054,0.0,0.0,1.0584964577569247,1.120414751083957,1.0587608238446424,1.120974482108186,0.9574753569840128,0.9167590592316627,0.8394233899137571,0.7046316275343034,0.6983820003149748,0.4877374183639454,0.5467885311089764,0.29897769775231203
90.0,9.187,0.4689432383229962,0.21990776076885843,0.5906034836481944,0.348812474897383,0.7267034867853938,0.528097957706049,0.8308594196786054,0.690327375268669,0.0,0.0,0.9807913585248962,0.9619516889571115,0.9230425185335512,0.8520074910207612,0.8675182291969128,0.7525878779889473,0.7848705806813632,0.6160218284191002,0.6381947759391419,0.4072925720360115,0.5196293541887688,0.2700146657346369
91.0,9.2943,0.6123794197986347,0.37500855379291254,0.7847426531927586,0.6158210317400102,0.9573696917457664,0.9165567266733837,1.0845970946998444,1.1763508578313433,0.0,0.0,1.2482490257076293,1.5581256301800457,1.2206133410206892,1.4898969282776893,1.104672920711451,1.2203022617531676,0.9488821089823464,0.9003772567467855,0.8057878471449395,0.6492940546064763,0.652410395066282,0.4256393235905421
92.0,9.4016,0.7417904511350225,0.5502530733951002,0.8889236330580841,0.7901852254091833,1.113615821798997,1.2401401985610556,1.3438535862511771,1.80594246128015,0.0,0.0,1.4947175526838774,2.23418056230128,1.4591897796029958,2.1292348128978396,1.3311089046999711,1.7718509161715568,1.1592920661387733,1.343958094612306,0.9724211899513346,0.9456029706663697,0.7566639604101443,0.5725403489835644
93.0,9.5089,0.6859407193196579,0.4705146704207698,0.905639069265709,0.8201821237804597,1.071918910867093,1.1490101514744948,1.2973627044175444,1.6831499868136048,0.0,0.0,1.3948846469027885,1.9457031781651168,1.5216676180348387,2.3154723397758197,1.3417699714668105,1.8003466563300456,1.1330887930710927,1.2838902129833054,0.9661535152706683,0.9334526150698694,0.7396052352161575,0.5470159039591477
94.0,9.6162,0.7045630054898987,0.496409028704959,0.9325492310178877,0.8696480682720537,1.0805379118427243,1.167562178929435,1.2603300026965623,1.5884317156971166,0.0,0.0,1.4480993858183,2.0969918312073377,1.4691531280529426,2.158410913667746,1.3290529741268737,1.7663818080354885,1.1209286727632608,1.2564810894228053,0.9270269586026167,0.8593789819760177,0.6990028056503064,0.488604922307
95.0,9.7235,0.8615448549008407,0.7422595370061106,1.16744377023708,1.3629249566653678,1.360422458834783,1.850749266502077,1.656649174573932,2.74448648761649,0.0,0.0,1.8039342515059198,3.254178783756223,1.8729054122215918,3.5077746831289307,1.7813824798008409,3.173323539341393,1.5318455168869116,2.3465506876065296,1.138127667986967,1.2953345886374517,0.9325213431133947,0.8695960553620097
96.0,9.8308,0.9746612681707747,0.9499645876722628,1.2074719696877496,1.4579885575816138,1.4624541272381255,2.1387720742758276,1.7870051042656276,3.1933872426714065,0.0,0.0,1.9742139102450984,3.8975205634052417,2.013772345139422,4.055279058048327,1.7870051042656276,3.1933872426714065,1.5828939346817321,2.5055532084522154,1.322061648839318,1.7478470033317361,0.8839833733918339,0.7814266044332063
97.0,9.9381,0.7539768787633891,0.5684811337097824,0.9647530890536529,0.9307485228385655,1.2257980480606994,1.5025808546294206,1.5466616108185376,2.3921621383797933,0.0,0.0,1.7364499566573186,3.0152584519752037,1.5897494004640276,2.5273031562757353,1.5035634750570774,2.260703123525715,1.3013724984038093,1.6935703796017727,1.0703854460774733,1.1457250031744715,0.7962560294401867,0.6340236644198515
98.0,10.0454,0.8167984073752523,0.6671596382907486,1.060819046703466,1.1253370498488502,1.359751972367179,1.8489254263564334,1.5414078890375962,2.3759382803873383,0.0,0.0,1.9207830177313976,3.6894074012053344,1.8256171285225438,3.332877899954898,1.680536529046669,2.8242030254602257,1.4051892793465555,1.974556910790492,1.1155380253919076,1.2444250860952764,0.8596282443031313,0.738960718403684
99.0,10.1527,0.8564471889435876,0.7335017874493733,1.1820621073149835,1.3972708255499395,1.524757936718369,2.3248867655856578,1.7289222329576486,2.9891720876152617,0.0,0.0,1.9974481670244117,3.9897991799491823,1.9872556061559243,3.9491848441981503,1.8037296419989877,3.253440621425796,1.5758216387515054,2.48321383715748,1.1581425536892942,1.3412941746659597,0.9698455963971988,0.9406004808510382
100.0,10.26,0.8044003713569907,0.6470599574392646,0.9276745305787176,0.8605800346844441,1.2249808909621138,1.5005781832223342,1.4105610736255514,1.9896825424276683,0.0,0.0,1.6317639269542366,2.662653513309111,1.6346348537165114,2.6720311049848005,1.5484883797071292,2.39781626208801,1.2911946913162864,1.6671837308833601,1.030325563338743,1.061570766469298,0.7505612993033556,0.5633422640119413
101.0,10.3673,0.7961255965513101,0.6338159654841794,1.074351044098269,1.154230165955041,1.3032506531818353,1.6984622650188803,1.6438818943567217,2.702347682593844,0.0,0.0,1.8632189679865423,3.4715849226648356,1.8496226175577184,3.421103827381066,1.7085158211509848,2.9190263111232237,1.4838943198952128,2.201942352617276,1.108566299786629,1.2289192410226182,0.8719352666167496,0.7602711091700222
102.0,10.4746,0.7995830490102652,0.6393330522645522,0.9433171406508866,0.8898472278457645,1.3259310362620838,1.7580931129230433,1.5108439738244115,2.282649513241539,0.0,0.0,1.7379886436433283,3.020604525433176,1.77064994007824,3.135201210299075,1.641608963728508,2.6948799897937863,1.2325336407852456,1.519139175667333,0.9317772443193508,0.8682088330313632,0.7813525796284566,0.6105118536920436
103.0,10.5819,0.5770563125694114,0.3329939878762062,0.779512175826148,0.6076392322612154,0.9750156437936505,0.9506555056423467,1.2005660412869947,1.4413588194915259,0.0,0.0,1.4203765620117836,2.017469577912414,1.4165236649150854,2.0065392932644652,1.2262986002414686,1.5038082569541853,1.0150320044467194,1.030289970051125,0.8301201681129934,0.6890994935079444,0.5836340402176124,0.34062869290073367
104.0,10.6892,0.7178424639143545,0.5152978029986313,1.0057246087181029,1.0114819885811812,1.2268716332406093,1.5052140044504803,1.4849416941994558,2.20505183517195,0.0,0.0,1.851490220482543,3.4280160365424956,1.7800221630643867,3.1684789010004177,1.6227087104421682,2.6331835589448844,1.2196924309182553,1.487649626039283,0.9534353441138442,0.9090389554054845,0.7815182945659771,0.6107708447413134
105.0,10.7965,0.5896074454995905,0.34763693978855265,0.7336673866294997,0.5382678342037598,0.9991527638232607,0.9983062454556605,1.2795427882635082,1.637229746997153,0.0,0.0,1.3727876891680737,1.8845460395314197,1.535044469535022,2.3563615234500572,1.2991011008998148,1.6876636703591108,1.0837022972443355,1.1744106690526501,0.8841456486578518,0.7817135280406136,0.617321103575602,0.3810853449197991
106.0,10.9038,0.5583206008305807,0.3117218933118206,0.7753252319704195,0.6011292153299848,0.9785537479141638,0.9575674375568569,1.2823979156504506,1.6445444140646202,0.0,0.0,1.3694443799091494,1.8753779096647545,1.4886216368542964,2.2159943777107647,1.2598174114369887,1.5871399101597947,1.098335468898805,1.2063408022411577,0.7997941615178952,0.639670700798113,0.6442540917371369,0.4150633347200432
107.0,11.0111,0.5764806588556269,0.33232995003461774,0.7833008732133167,0.6135602579767444,1.0767019123783552,1.1592870081192073,1.2000895816262416,1.4402150039278476,0.0,0.0,1.4601288633578817,2.1319762976107794,1.4237628531083089,2.027100661891112,1.2191851571056591,1.4864124473067506,1.149721620075066,1.3218598036680342,0.8464145058000399,0.7164175156287257,0.5996420968688518,0.3595706443372735
108.0,11.1184,0.535835118000547,0.28711927368266005,0.6970147687014643,0.48582958778795576,0.8389550862355805,0.7038456367205502,1.0939528631066067,1.1967328666991421,0.0,0.0,1.240665630030267,1.5392512055383993,1.2375135694488857,1.5314398345701221,1.0813168999090015,1.1692462380288136,0.892953939047558,0.79736673726055,0.6825990229834308,0.46594142617793427,0.5634244122304938,0.31744706829727737
109.0,11.2257,0.5325380118867036,0.28359673410424285,0.6517220668814824,0.4247416524602714,0.9405616307102419,0.8846561811643094,1.1603696435508866,1.3464577096744115,0.0,0.0,1.3223799459076324,1.7486887213386728,1.274548335092285,1.6244734584865157,1.1695846129424514,1.367928166831744,0.9405616307102419,0.8846561811643094,0.71360813446272,0.5092365695713634,0.549672636954791,0.3021400078168334
110.0,11.333,0.44676015176422895,0.19959463320439688,0.630092326261644,0.39701633961381005,0.8063172842358735,0.6501475628575143,1.0195352581787052,1.039452142669519,0.0,0.0,1.293689350219241,1.673632134870682,1.2480759370187264,1.557693544565172,1.0030410387443554,1.0060913254053554,0.9094369616095929,0.827075587141688,0.7119701837883246,0.5069015426035807,0.5381257904629496,0.2895793663613744
111.0,11.4403,0.6242577510617562,0.38969773976068156,0.7521394401291642,0.5657137373978126,0.8536330828514419,0.7286894401384567,1.2309771134120004,1.515304653744141,0.0,0.0,1.387948886924366,1.9264021127145863,1.5264937495605284,2.330183167447361,1.2241445332094987,1.4985298381867014,0.8835222058853055,0.7806114882924362,0.7220332133669808,0.521331961205048,0.5632098192988256,0.3172053005546158
112.0,11.547600000000001,0.4628834230098865,0.2142610632973495,0.6306346328156321,0.39770004010650717,0.8533825671213678,0.7282618058666559,1.1101046218101884,1.2323322713643414,0.0,0.0,1.2144836906857008,1.474970634941561,1.2953125296399692,1.6778345494422962,1.1207646379024303,1.2561133735725658,0.8641231561964444,0.7467088290749047,0.7305303579917467,0.5336746039475496,0.5185897926561016,0.26893537304709847
113.0,11.6549,0.4963532165651861,0.24636651559460654,0.7126907668118481,0.50792812909886,0.9655820745561343,0.9323487427041282,1.2035552548882074,1.4485452515690178,0.0,0.0,1.3246391024717676,1.7546687517972102,1.4203555116490598,2.0174097794718624,1.1454481491626152,1.3120514624200608,0.9198277124148416,0.8460830205263206,0.7152647467306134,0.5116036579156085,0.5280775779088384,0.27886592829006523
114.0,11.7622,0.47331987329932873,0.2240317024600926,0.5213320563220226,0.2717871129489486,0.754671080330994,0.5695284394879495,0.8539929640619752,0.7293039826673581,0.0,0.0,1.1205577234071131,1.2556496114873323,1.1205577234071131,1.2556496114873323,1.0137492432955624,1.0276875282823252,0.7694972306908917,0.5921259880409514,0.5969113362519737,0.3563031433461168,0.4424926574312991,0.19579975188061305
115.0,11.8695,0.44691177275333316,0.19973013262552688,0.5213320563220226,0.2717871129489486,0.7058566137217066,0.49823355913467454,0.8834891425079715,0.7805530649294707,0.0,0.0,1.0305209672868931,1.061973464017914,1.149836321965154,1.322123567310353,0.9381805001780733,0.8801826509143799,0.7164824594659771,0.5133471147224156,0.5689349498914973,0.3236869772080405,0.40692722512404733,0.1655897665471571
116.0,11.9768,0.4471553995135046,0.19994795131408188,0.5340785284241356,0.2852398745236902,0.6741720711036955,0.4545079814562462,0.9048947271844611,0.8188344672862402,0.0,0.0,1.029008810532481,1.0588591321534715,0.9990915791501547,0.9981839835287498,0.9134701736945229,0.8344277582295018,0.6937086688561156,0.48123171724612385,0.5737299147582324,0.32916601508848864,0.4651250951167223,0.21634135410733996
117.0,12.0841,0.3718742456655418,0.13829045458931571,0.4751496682728155,0.22576720725976662,0.5760492772955178,0.33183276987268834,0.8495951105170972,0.7218118518145586,0.0,0.0,0.9724744722471601,0.9457065991723925,0.9513891943676502,0.9051413991595265,0.824566674935188,0.679910201413672,0.708639151190807,0.5021694466004274,0.5030230854882252,0.2530322245340943,0.3780497014805277,0.14292157678951609
118.0,12.1914,0.3806063864161618,0.14486122138076868,0.49570082935203186,0.2457193122202922,0.5470252582366134,0.2992366331488336,0.7371399881483607,0.5433753621273654,0.0,0.0,0.867089124535488,0.7518435498877191,0.861108806680555,0.7415083769428095,0.8431590512791632,0.7109171857539787,0.6344319999195457,0.4025039625219144,0.4833101690182914,0.23358871947648938,0.39972117361119425,0.1597770166331105
119.0,12.2987,0.37254282353818413,0.1387881553698026,0.5021984882369988,0.25220332158752695,0.6213152332508562,0.38603261906956593,0.8302356436460708,0.6892912239804055,0.0,0.0,1.018792346877966,1.0379378460571138,1.018792346877966,1.0379378460571138,0.8598597134176429,0.739358726758671,0.6974646761540877,0.4864569744827264,0.516334166359528,0.26660097135018873,0.43081662764602674,0.18560296665629525
120.0,12.406,0.3948144613531675,0.15587845889359178,0.45090989010182675,0.20331972899164147,0.5653049324326612,0.31956966663269565,0.7424340084827167,0.5512082569517146,0.0,0.0,0.9526589249757877,0.9075590273360236,0.8466937484733555,0.7168903037038619,0.8732263665980236,0.7625242873219858,0.6284493404931408,0.39494857356626367,0.5630400079875991,0.3170140505946757,0.3567395263046997,0.1272630896281015
121.0,12.513300000000001,0.37091665277650565,0.13757916330692685,0.496438874020176,0.24645155563842017,0.650983453983345,0.4237794573600859,0.8128568924606343,0.6607363276207592,0.0,0.0,0.9486413159373638,0.8999203463033733,1.002757371952335,1.0055223470047536,0.894422558504112,0.7999917131610417,0.6660162420299952,0.4435776346477572,0.5424402935252359,0.2942414720397441,0.40017957640454915,0.1601436933713244
122.0,12.6206,0.3595356110463911,0.12926585561050183,0.3934795735917705,0.15482617483396152,0.4711257534618275,0.22195947557497467,0.6525924276114473,0.4258768765758021,0.0,0.0,0.8181254695296538,0.6693292838931165,0.8265702279758294,0.6832183417760145,0.7525519715940845,0.5663344699501438,0.5278449809529595,0.2786203239172302,0.42920172384344,0.18421411975018054,0.32035387985697733,0.10262660833941867
123.0,12.7279,0.3522605516611683,0.12408749625663064,0.4616767505855251,0.21314542203120915,0.6009479810002386,0.36113847586826314,0.7476397479177123,0.5589651926664604,0.0,0.0,0.8378565526268276,0.7020036027797119,0.8028290743856935,0.6445345226789894,0.6922342436416763,0.47918824807016364,0.6517720801729469,0.42480684449297024,0.41952063339143936,0.17599756184115448,0.35499336052728103,0.12602028601845214
124.0,12.8352,0.3469569115690301,0.12037909848551975,0.4502403703904243,0.20271639112930648,0.6296246031372177,0.39642714087569886,0.7686478327080344,0.5908194907267584,0.0,0.0,0.9151776923717838,0.8375502086149433,0.9389983468555054,0.8817178953973721,0.798655055670963,0.637849897948789,0.6052275739334855,0.3663004162494126,0.522182077317938,0.27267412187207696,0.35357315961092983,0.12501397919725607
125.0,12.9425,0.3322400090085963,0.11038342358603215,0.47569529990464043,0.2262860183513658,0.5295329545007843,0.2804051499023297,0.7869503060091796,0.6192907841279414,0.0,0.0,0.8579103942956592,0.7360102446405334,0.827923251066101,0.685456909655862,0.7129142758871446,0.5082467647636918,0.5911653543792342,0.3494764762183256,0.4470594895790304,0.1998621872226632,0.3652851543924794,0.1334332440195375
126.0,13.0498,0.3055839128195139,0.09338152777408427,0.4022579482577412,0.1618114569365276,0.5088739740880222,0.25895272150413706,0.6779372597117164,0.4595989281054312,0.0,0.0,0.688722533425632,0.47433872804822086,0.7987274032952362,0.6379654647747508,0.6698409161609068,0.448686852963283,0.489472101632703,0.23958293827673513,0.39653834979522445,0.15724266285831978,0.3176277754852549,0.10088740375971149
127.0,13.1571,0.3109744826306784,0.0967051288474181,0.33029548464017383,0.10909510717368731,0.4810047354634078,0.23136555553822288,0.605736610745796,0.36691684159780397,0.0,0.0,0.691022679438129,0.4775123434978512,0.73341087352182,0.537891509400039,0.5398952130708493,0.2914868410968178,0.41073182497232413,0.16870063204509592,0.40809780031991544,0.16654381462595358,0.28284539183600654,0.08000151568286408
128.0,13.2644,0.3601109009853356,0.12967986100847018,0.46059521029408734,0.21214794774585455,0.5611384501980712,0.3148763602906932,0.6858755588838952,0.47042528227429553,0.0,0.0,0.8024966516344727,0.6440008758845402,0.9021674965992438,0.8139061919201466,0.6956405439129466,0.4839157663355002,0.5545058753736176,0.30747676582386196,0.4160922959255384,0.17313279872858583,0.35655480710175175,0.1271313304673674
129.0,13.3717,0.2732117582431764,0.07464466484232786,0.4017547079773707,0.16140684538198238,0.539010502390787,0.29053232168756854,0.6496896675094408,0.42209666406852775,0.0,0.0,0.8226054435339566,0.6766797157316975,0.8003244375492764,0.6405192053385657,0.7268640628559085,0.5283313658713982,0.539010502390787,0.29053232168756854,0.4256376647965625,0.18116742169347091,0.3425411259926337,0.11733442299630135
130.0,13.479000000000001,0.3314351713378703,0.10984927279976345,0.36298344017581047,0.13175697784186619,0.49064871078168587,0.24073615739173043,0.5937076377946036,0.35248875917564815,0.0,0.0,0.666307046909324,0.44396508076102403,0.6431454859129889,0.41363611605025463,0.6576284579065271,0.4324751886485169,0.4667602541165579,0.21786513482295372,0.38472957444074385,0.14801684544935587,0.28929585976068034,0.08369209447467123
131.0,13.5863,0.28929585976068034,0.08369209447467123,0.36298344017581047,0.13175697784186619,0.45174739683809906,0.20407571054999896,0.4876708918343545,0.23782289874251472,0.0,0.0,0.5849480066833527,0.3421641705228276,0.7239737279676953,0.5241379587874425,0.5907890420829126,0.3490316922452455,0.45475545147437746,0.20680252064566487,0.33779655826027016,0.1141065147724841,0.31862397494204964,0.10152123740787188
132.0,13.6936,0.2658854575833421,0.07069507655430321,0.32824374766718223,0.1077439578825968,0.36922211120656967,0.1363249674038365,0.4965977112598783,0.24660928682854943,0.0,0.0,0.6344439463379309,0.40251912104484733,0.6547337622041035,0.42867629936993956,0.5615296775876184,0.3153155788116547,0.4214998997197696,0.1776621654637758,0.34096692189718075,0.11625844182803816,0.2590781335387682,0.0671214792779318
133.0,13.8009,0.3144737752448972,0.09889375531677813,0.41346527586162896,0.17095353434333294,0.4743240383384235,0.22498329334567027,0.6439833701153532,0.41471458098512803,0.0,0.0,0.8060445719705,0.6497078520031064,0.7666515064625933,0.5877545323613637,0.6221515654184937,0.3870725703526822,0.5451272094776184,0.29716367451285525,0.4364528395204093,0.19049108112542817,0.31036257783655957,0.0963249297213545
134.0,13.9082,0.2502769453367162,0.06263854936707762,0.343789676661576,0.11819134177907098,0.427389082309492,0.18266142767734975,0.5800952476087372,0.33651049629824215,0.0,0.0,0.7565188858781938,0.5723208246903837,0.7460282591287908,0.5565581634187342,0.6157058718646977,0.3790937206486676,0.5334557043798209,0.2845749885353709,0.3936343360780574,0.15494799053961306,0.2879830959508732,0.08293426355344982
135.0,14.0155,0.3238744564403287,0.10489466353451837,0.4040084372872063,0.1632228173992505,0.48090781886078543,0.231272330241438,0.6378533340221182,0.4068568757231319,0.0,0.0,0.7228264236638443,0.5224780387466633,0.7389190261026951,0.5460013271365555,0.7107394856733235,0.5051506164951803,0.5310738433812241,0.28203942712370494,0.4427554674401688,0.19603240394816238,0.3238744564403287,0.10489466353451837
136.0,14.1228,0.25958530669124735,0.06738453144998895,0.34726367155509985,0.12059205758192827,0.5290498627318182,0.2798937572565557,0.6423557150505077,0.41262086465804904,0.0,0.0,0.6142434651945976,0.3772950345342668,0.6583682941504634,0.43344881074259106,0.7379630962628279,0.5445895314458198,0.5249537883632261,0.2755764799169028,0.44199185469790836,0.19535679961929694,0.2834881554170885,0.08036553426178332
137.0,14.2301,0.31129627977139057,0.09690537379950787,0.3952335962871391,0.15620959563406525,0.47128167442564967,0.22210641664944406,0.6463622010838284,0.41778409498993135,0.0,0.0,0.6543684497530442,0.42819806803220234,0.7379630962628279,0.5445895314458198,0.6623660047479909,0.4387287242458155,0.45876711990734725,0.21046727030808232,0.3909293844994875,0.15282578366514812,0.33390233634590577,0.11149077021725438
138.0,14.3374,0.2853392807509328,0.08141850513945964,0.33481291748644787,0.11209968971578695,0.4096116429555661,0.16778169804475818,0.48559376577567465,0.23580130536020077,0.0,0.0,0.6512461500494917,0.4241215479542851,0.5451272094776184,0.29716367451285525,0.5266162002627574,0.27732462237918454,0.4096116429555661,0.16778169804475818,0.36671984813581515,0.13448344701675533,0.2853392807509328,0.08141850513945964
139.0,14.444700000000001,0.34934512718830363,0.12204201789021205,0.40925692358650995,0.16749122950349443,0.49830175301155105,0.24830463705438482,0.7190899089355497,0.5170902971329372,0.0,0.0,0.8415034396881271,0.7081280390069494,0.7584202743651447,0.5752013125681014,0.7633250373960868,0.5826651127157373,0.513710665722568,0.263898648077124,0.4145956346909358,0.17188954030477988,0.33816575940420157,0.11435608083342035
140.0,14.552,0.29245850693028586,0.08553197827589205,0.36184801982760656,0.13093398945315995,0.41397598608668185,0.1713761170564406,0.6300508776452639,0.3969641084215673,0.0,0.0,0.6868866431501648,0.4718132605381018,0.7129768857283646,0.5083360395829175,0.6912406810421469,0.477813679127611,0.4418193849435421,0.19520436891188986,0.36665668411392244,0.1344371240054167,0.29245850693028586,0.08553197827589205
141.0,14.6593,0.21498959511579105,0.046220526008051765,0.33986750875054433,0.11550992350430132,0.344183843752201,0.11846251830003952,0.5051111794094897,0.2551373035644457,0.0,0.0,0.5449245218843,0.2969427345508329,0.5922429443457902,0.3507517051273707,0.5330209795534506,0.28411136464412,0.41165138867768464,0.1694568658002662,0.344183843752201,0.11846251830003952,0.21498959511579105,0.046220526008051765
142.0,14.7666,0.2530572508684291,0.06403797221708707,0.2957709319548044,0.08748044418941354,0.41890219953415975,0.175479052774557,0.5753258576186416,0.3309998424446255,0.0,0.0,0.7000672679617661,0.49009417967145125,0.6156962926807275,0.379081924820792,0.5300662002524084,0.28097017665002627,0.4703977728629239,0.22127406471439895,0.36607107694871344,0.13400803337839087,0.3163215635855364,0.10005933158919857
143.0,14.8739,0.3175218202927538,0.10082010636202382,0.38868125614559856,0.15107311887892041,0.5862675727518599,0.34370966686035737,0.6996023178630539,0.4894434031593576,0.0,0.0,0.9578264768535028,0.9174315597615936,0.8601574946108566,0.7398709155352258,0.7555067618301533,0.570790467171084,0.5671148738202325,0.32161928010813823,0.4160872597253856,0.1731286077057805,0.3817508825124051,0.1457337362990001
144.0,14.9812,0.27871671554486904,0.07768300752411944,0.3945124817291694,0.15564009824010824,0.34330128532213566,0.1178557725038304,0.5217315059184974,0.27220376426798304,0.0,0.0,0.7139991154595599,0.5097947368770339,0.644388109513281,0.41523603568210016,0.6210267350943144,0.38567420570190375,0.44422955568708916,0.19733989814594866,0.34850826208259095,0.1214580087398279,0.2617647760248565,0.06852079796734328
145.0,15.0885,0.3418092166207102,0.11683354056686357,0.39309412871937877,0.15452299403364753,0.6442327294965728,0.4150358097546044,0.7028453868713649,0.4939916378463586,0.0,0.0,0.9900831562810104,0.9802646563513676,0.8122638244916959,0.6597725205778765,0.7028453868713649,0.4939916378463586,0.490888511432851,0.2409715306567603,0.3858923108660561,0.14891287558554486,0.4144938732936074,0.17180517099793705
146.0,15.1958,0.3619857064511474,0.13103365167493627,0.42797817648287845,0.18316531954560986,0.5535789638703501,0.3064496692397704,0.667961025978676,0.4461719322264855,0.0,0.0,0.7735244300272567,0.5983400438489923,0.8192769939277669,0.6712147927793182,0.8192769939277669,0.6712147927793182,0.5739884561986826,0.3294627478493469,0.4063048300522647,0.1650836149237997,0.29196287741514987,0.08524232178853383
147.0,15.3031,0.3080101336503653,0.09487024243131588,0.42797817648287845,0.18316531954560986,0.456475760503805,0.20837011992752716,0.6546448520153326,0.4285598822701768,0.0,0.0,0.8062270505596821,0.6500020570541643,0.7931597723279622,0.6291024244393448,0.6878786778879148,0.4731770754928256,0.5330488463813106,0.284141072628446,0.3990149516058641,0.15921293160503006,0.31591393831086706,0.09980161641908232
148.0,15.410400000000001,0.34676062302306626,0.12024292967934506,0.42554898307694916,0.18109193699782555,0.5810161014695499,0.33757971016687427,0.6737524866689376,0.45394241329257695,0.0,0.0,0.9172260715894083,0.8413036664033383,0.8275360374233197,0.68481589323429,0.7580119948417696,0.574582184323999,0.5374946551474628,0.2889005043120899,0.40238199717113954,0.16191127164743493,0.36291491482992994,0.1317072354060153
149.0,15.5177,0.22387089478891375,0.050118177533588895,0.2587974303904603,0.06697610997670515,0.3947429165290816,0.1558219701498855,0.4581155623005002,0.2098698684219035,0.0,0.0,0.6773545115596548,0.45880913433021847,0.5434138203311399,0.2952985801268844,0.4963058050060421,0.24631945208269548,0.36978762986671104,0.13674289120243968,0.339265310492901,0.1151009509038445,0.26999845799852984,0.07289916732158389
150.0,15.625000000000002,0.20388437537070356,0.04156883852030195,0.2782568305176658,0.07742686372973699,0.4421161372006635,0.19546667877323592,0.5400404037738101,0.29164363770817986,0.0,0.0,0.6196156211974045,0.3839235180318455,0.6563246080654783,0.43076199115230374,0.5239381621676159,0.274511197775579,0.4029314650676424,0.1623537655415567,0.27188590248930483,0.07392194397242377,0.2322107715421553,0.053921842420203044
151.0,15.7323,0.2823461056711894,0.07971932338768645,0.26885803273240094,0.07228464176473677,0.35283171112104167,0.1244902163726022,0.4487018487363737,0.2013333490594396,0.0,0.0,0.6904258887483434,0.4766879078539399,0.6739592418966247,0.4542210597378731,0.6519394225975299,0.4250250107368007,0.46034287235559695,0.21191556012860144,0.41338739921494555,0.17088914182969678,0.21902668828295946,0.04797269018020069
152.0,15.839599999999999,0.25189436948832333,0.06345077337991996,0.25189436948832333,0.06345077337991996,0.37836163920575244,0.14315753002246398,0.5881424931357497,0.3459115922319354,0.0,0.0,0.6263753043038862,0.3923460218417861,0.6045638346201443,0.3654974301306132,0.48816746180434945,0.23830747076450098,0.30465787461350013,0.09281642056401516,0.31730461534131166,0.10068221891689776,0.2236659954582582,0.05002647752433357
153.0,15.946900000000001,0.2515453352100974,0.06327505566596028,0.28376980095997456,0.08052529993686358,0.47675710406393657,0.22729733627543125,0.6148034593128339,0.37798329358302735,0.0,0.0,0.6789498612784454,0.46097291413002023,0.7361118217747956,0.5418606141566085,0.588911611251374,0.3468168858666895,0.470020313067716,0.22091909469627377,0.3069593186864723,0.09422402332846326,0.2678716441983399,0.07175521776552202
154.0,16.0542,0.2962366412677162,0.08775614762957758,0.3976581688681662,0.15813201926758297,0.47793983351533176,0.22842648446066305,0.5832296546993901,0.34015683012076986,0.0,0.0,0.7798116077570999,0.608106143592713,0.8331094462517707,0.6940713494339321,0.6313208014589271,0.39856595435474207,0.449138253241842,0.20172517052513297,0.4418748218144635,0.1952533581535639,0.23571147333463258,0.0555598986615832
155.0,16.161500000000004,0.32906199994844465,0.10828179981007019,0.44080794956382857,0.19431164839866683,0.503855906330985,0.2538707743446183,0.791013088681549,0.625701706465524,0.0,0.0,1.0191393328150906,1.038644979690788,0.8198220490438224,0.6721081920984115,0.7233328260445065,0.5232103772335324,0.5244495709396038,0.27504735245873446,0.3638043611795021,0.1323536132132256,0.3171572891201643,0.10058874604205148
156.0,16.268800000000002,0.284199951448012,0.08076961240305239,0.3794126277625632,0.14395394210569332,0.42875114953632393,0.1838275482287192,0.6143305119837188,0.37740197795417807,0.0,0.0,0.8082782319989966,0.6533137003234238,0.7472394567628876,0.5583668057432953,0.7033044831059452,0.49463719595692074,0.4092299423511293,0.16746914571670862,0.4190228955107909,0.1755801869622472,0.19814178264269622,0.03926016602882547
157.0,16.3761,0.2953723301147044,0.08724481339738989,0.3794126277625632,0.14395394210569332,0.5324900407909215,0.2835456435415173,0.6053331448624283,0.3664282162690376,0.0,0.0,0.8429520206485425,0.7105681091154608,0.877498511817788,0.7700036382424327,0.6053331448624283,0.3664282162690376,0.5139924129488405,0.26418820056897135,0.4092299423511293,0.16746914571670862,0.31718161272189976,0.10060417544886521
158.0,16.483400000000003,0.284199951448012,0.08076961240305239,0.36930770496144333,0.13638818094388847,0.3794126277625632,0.14395394210569332,0.6053331448624283,0.3664282162690376,0.0,0.0,0.7647305994952597,0.5848128898043793,0.6590262412786623,0.4343155866938816,0.68563809126164,0.47009959218890496,0.36930770496144333,0.13638818094388847,0.3591082563838055,0.12895873980301698,0.27281996156741956,0.07443073142964829
159.0,16.590700000000002,0.29274385485533866,0.08569896455556358,0.3171572891201643,0.10058874604205148,0.32906199994844465,0.10828179981007019,0.6350965566489122,0.4033476362673049,0.0,0.0,0.8294021368888195,0.68790790467574,0.7233328260445065,0.5232103772335324,0.66469008199867,0.4418129051073986,0.5141754004164514,0.2643763423934181,0.44080794956382857,0.19431164839866683,0.26734051532669306,0.0714709511351418
160.0,16.698,0.26420889169187534,0.06980633844904911,0.3885826550215996,0.15099647978363548,0.5467960472567626,0.29898591729561974,0.6727256958698157,0.45255986188352776,0.0,0.0,0.7730085750648957,0.5975422571238606,0.8608258425653632,0.7410211312283674,0.6727256958698157,0.45255986188352776,0.4634530544611632,0.2147887336893819,0.3081178675291435,0.09493662029070682,0.23265158690566515,0.05412676088972426
161.0,16.805300000000003,0.137733334063506,0.01897047131224934,0.29217652353521156,0.08536712090512204,0.3548295686126274,0.12590402276182325,0.510484445481734,0.26059436907879346,0.0,0.0,0.5573298005594349,0.3106165065916195,0.5573298005594349,0.3106165065916195,0.4708024857578339,0.2216549805957554,0.27328327833724114,0.07468375021875001,0.22298565818290658,0.04972260375526405,0.21220251699762818,0.04502990822012868
162.0,16.9126,0.22269491854504486,0.04959302674578417,0.23641183124285053,0.05589055395159804,0.4219746221568152,0.17806258174438694,0.3791319802821986,0.1437410584727014,0.0,0.0,0.5737623503541512,0.3292032346839198,0.7465461524343467,0.5573311577145269,0.583557009772297,0.34053878365438467,0.2874979036033254,0.08265504457630697,0.2625984061331329,0.06895792290366182,0.23641183124285053,0.05589055395159804
163.0,17.019900000000003,0.2751783970734296,0.07572315021590209,0.40006399971183293,0.16005120386542945,0.4645546018664769,0.21581097811532085,0.4327154939630486,0.18724269871568514,0.0,0.0,0.9412549375838907,0.8859608575260539,0.8858708670831329,0.7847671931466217,0.630512917102803,0.3975465386334861,0.4327154939630486,0.18724269871568514,0.41650312510458404,0.17347485322188477,0.3490636512444877,0.12184543262013332
164.0,17.127200000000002,0.3059625572673398,0.09361308644957017,0.2420086515390123,0.05856818741973108,0.36400346476289425,0.1324985223593916,0.37791528842366806,0.14281996522434423,0.0,0.0,0.7392945317885763,0.5465564047324902,0.6562165783245822,0.43062019766802256,0.5713542113247272,0.326445634798501,0.41859825029399667,0.17522449514919547,0.3208962372707526,0.10297439509452716,0.2420086515390123,0.05856818741973108
165.0,17.2345,0.26316194435272106,0.06925420895550466,0.39742696922004633,0.15794819586343165,0.3498711931470774,0.12240985179415952,0.5582507862061379,0.31164394029977105,0.0,0.0,0.708585220652681,0.5020930149274087,0.7486069387767361,0.5604123487846759,0.5158313297229832,0.266081960723781,0.4279709778658822,0.1831591578954794,0.28156321574776494,0.07927784446222243,0.17943559355295016,0.03219713223369953
166.0,17.341800000000003,0.2609666391098402,0.06810358672828558,0.3206210641234857,0.10279786675967631,0.4433970231946544,0.1966009201778809,0.4433970231946544,0.1966009201778809,0.0,0.0,0.7946525090221225,0.6314726100951544,0.631869901000051,0.3992595717898143,0.6768934757828697,0.45818477755741444,0.5397423567704818,0.29132181169215404,0.37522841568425197,0.14079636393691378,0.23931798343349958,0.05727309719467678
167.0,17.4491,0.2609666391098402,0.06810358672828558,0.392679003945353,0.15419680013951456,0.3206210641234857,0.10279786675967631,0.5708174174850758,0.3258325241043313,0.0,0.0,0.691780878089396,0.4785607832901358,0.631869901000051,0.3992595717898143,0.4598585623147526,0.2114698973341912,0.4267306858663881,0.18209907825999802,0.3014398306640734,0.09086597151078527,0.21635559364041287,0.046809742899495466
168.0,17.556400000000004,0.23393842317553673,0.054727185837856504,0.25505503319520434,0.06505306995820678,0.29451218414684033,0.08673742661094239,0.4957378763664691,0.2457560420643366,0.0,0.0,0.6158767274010281,0.3793041433542002,0.5565757123792849,0.3097765236105085,0.5111211874349,0.26124486824486215,0.25505503319520434,0.06505306995820678,0.29451218414684033,0.08673742661094239,0.25505503319520434,0.06505306995820678
169.0,17.663700000000002,0.3841810283281381,0.14759506252726565,0.3607279120814614,0.13012462655465054,0.4293520943845757,0.18434322095242162,0.4070232515797134,0.1656679273265227,0.0,0.0,0.808477134436381,0.6536352769064622,0.8646468492179907,0.7476141738625988,0.5148482142558486,0.2650686837224362,0.47275902390556773,0.22350109468414517,0.3607279120814614,0.13012462655465054,0.2574241071279244,0.0662671709306091
170.0,17.771,0.23393842317553673,0.054727185837856504,0.23393842317553673,0.054727185837856504,0.31320264868504494,0.09809589914332768,0.4487256849644674,0.20135474034683046,0.0,0.0,0.3663829875479396,0.13423649356455364,0.6450838162984065,0.41613313005011626,0.41650312510458404,0.17347485322188477,0.3490636512444877,0.12184543262013332,0.18737130519156595,0.03510800600919095,0.2751783970734296,0.07572315021590209
171.0,17.878300000000003,0.21796418821328464,0.04750838734347617,0.3500308993751637,0.12252163051738596,0.3201844765199327,0.10251809900434333,0.6069582951339145,0.3683983720318681,0.0,0.0,0.7000617987503273,0.49008652206954373,0.9670393467872658,0.9351650982347417,0.5831466674188616,0.34006003572172433,0.2549734837534846,0.06501147741738848,0.4592064474358538,0.21087056136665758,0.17560973136268396,0.030838777749274026
172.0,17.9856,0.2380645779349064,0.05667474326732513,0.33271102508257644,0.11069662621149881,0.3541298385465064,0.12540794254897472,0.31059241477311694,0.0964676481145959,0.0,0.0,0.5827230228533773,0.33956612136337766,0.5286917915118805,0.27951501041204174,0.41525404393556514,0.17243592100484026,0.33271102508257644,0.11069662621149881,0.21065402472469907,0.04437511813271413,0.18043788748119424,0.032557831238676116
173.0,18.092900000000004,0.10183453329946114,0.01037027217231906,0.26354640320541095,0.06945670664250904,0.2876126010074419,0.08272100825826598,0.3953196048081164,0.15627758994564533,0.0,0.0,0.4540920587776765,0.20619959784494882,0.6702970021518302,0.44929807109373066,0.33271102508257644,0.11069662621149881,0.18043788748119424,0.032557831238676116,0.2876126010074419,0.08272100825826598,0.33271102508257644,0.11069662621149881
174.0,18.200200000000002,0.1357625358350392,0.018431466136360302,0.24494959615533612,0.06000030465666226,0.30869823697831905,0.09529460151352243,0.36622169249795755,0.13411832805606858,0.0,0.0,0.5698311426055208,0.3247075310831134,0.4374625935265495,0.19137352073497504,0.36622169249795755,0.13411832805606858,0.30869823697831905,0.09529460151352243,0.24494959615533612,0.06000030465666226,0.1357625358350392,0.018431466136360302
175.0,18.3075,0.2977376219569017,0.0886476915285509,0.22463524576372462,0.05046099363932896,0.2977376219569017,0.0886476915285509,0.47437195892951894,0.2250287554186292,0.0,0.0,0.6523104470549618,0.4255089193370441,0.6278067175829883,0.39414127464232607,0.7720008090667015,0.5959852491996418,0.361207997957098,0.13047121778817491,0.12613930442375657,0.015911124120509133,0.18091836649057716,0.03273145533361879
176.0,18.414800000000003,0.25595905637532473,0.06551503854054666,0.30000076164068884,0.0900004569849934,0.25595905637532473,0.06551503854054666,0.4140023298378008,0.1713979291111272,0.0,0.0,0.8981621638293442,0.8066952725346097,0.44852813967922117,0.20117749208410293,0.5144970616305318,0.2647072264264512,0.4140023298378008,0.1713979291111272,0.14322992022636183,0.02051481004804997,0.30000076164068884,0.0900004569849934
177.0,18.522100000000002,0.38047570809706815,0.14476176445196542,0.48234099527862345,0.23265283572637305,0.48234099527862345,0.23265283572637305,0.5295997721163437,0.28047591862568316,0.0,0.0,0.7054208426915322,0.49761856530363135,0.7884795987792141,0.6217000776910305,0.8695525953677055,0.7561217161107125,0.32356417613337213,0.10469377607686786,0.4329142921354456,0.18741478433513392,0.38047570809706815,0.14476176445196542
178.0,18.629400000000004,0.19895928531126308,0.03958479721156859,0.24733884608268691,0.06117650478151509,0.24733884608268691,0.06117650478151509,0.19895928531126308,0.03958479721156859,0.0,0.0,0.58572027666819,0.3430682425002611,0.6146990177916861,0.3778548824740636,0.46466878063784856,0.21591707569946503,0.32857044579470707,0.10795853784973254,0.13853746407042233,0.019192628951063558,0.24733884608268691,0.06117650478151509
179.0,18.736700000000003,0.0,0.0,0.39628356528539244,0.15704066411530188,0.5907446602294087,0.34897925358955956,0.6767830304730587,0.45803527033629704,0.0,0.0,1.2106662897248566,1.4657128650761504,1.2824058376897696,1.6445647325407997,0.8380457910215818,0.7023207478489888,0.0,0.0,0.4986458845539199,0.2486477181825612,0.27231983289467077,0.07415809138778141
180.0,18.844,0.1964557216901834,0.0385948505848108,0.41775093790753215,0.17451584612262278,0.4759569230119675,0.22653499256301998,0.6842311875116295,0.46817231796357467,0.0,0.0,0.7804661584253552,0.6091274244472316,1.0100725147357312,1.020246485024564,0.4759569230119675,0.22653499256301998,0.1964557216901834,0.0385948505848108,0.1964557216901834,0.0385948505848108,0.4759569230119675,0.22653499256301998
181.0,18.951300000000003,0.18773647192016762,0.035244982889031884,0.2709742564995485,0.0734270476854831,0.3384467378914348,0.11454619438935358,0.5054959208000407,0.255526125945481,0.0,0.0,0.7411034453350042,0.5492343166874135,0.45342665726592724,0.20559573351935265,0.5553319730386762,0.308393600279029,0.3384467378914348,0.11454619438935358,0.2709742564995485,0.0734270476854831,0.39824919711236517,0.15860242300064348
182.0,19.058600000000002,0.5380739065443807,0.28952352890393096,0.6821331772115663,0.4653056714527461,0.3666355662230305,0.1344216384196822,0.6821331772115663,0.4653056714527461,0.0,0.0,1.172704891391552,1.375236762293672,1.2862426540763294,1.65442016516532,1.2862426540763294,1.65442016516532,0.8134912821082521,0.6617680660661277,0.3666355662230305,0.1344216384196822,0.0,0.0
183.0,19.1659,0.0,0.0,0.2558572075733603,0.06546291066723757,0.2558572075733603,0.06546291066723757,0.7816566805366347,0.6109871662275507,0.0,0.0,0.8528573585778676,0.7273656740804174,1.0583681486533139,1.1201431380838431,0.7816566805366347,0.6109871662275507,0.5527147393672213,0.30549358311377534,0.46712921362737014,0.21820970222412522,0.0,0.0
184.0,19.273200000000003,0.27231983289467077,0.07415809138778141,0.39628356528539244,0.15704066411530188,0.5907446602294087,0.34897925358955956,0.4986458845539199,0.2486477181825612,0.0,0.0,0.39628356528539244,0.15704066411530188,0.8380457910215818,0.7023207478489888,0.5907446602294087,0.34897925358955956,0.39628356528539244,0.15704066411530188,0.4986458845539199,0.2486477181825612,0.0,0.0
185.0,19.3805,0.2910434889436016,0.08470631245646434,0.4242651458345204,0.18000091396998688,0.5346810306533861,0.2858838045405672,0.9869764907277886,0.9741225932493406,0.0,0.0,0.7276087223590042,0.5294144528529025,0.7276087223590042,0.5294144528529025,0.4242651458345204,0.18000091396998688,0.5346810306533861,0.2858838045405672,0.4242651458345204,0.18000091396998688,0.5346810306533861,0.2858838045405672
186.0,19.487800000000004,0.0,0.0,0.27231983289467077,0.07415809138778141,0.0,0.0,0.5907446602294087,0.34897925358955956,0.0,0.0,0.27231983289467077,0.07415809138778141,0.9151776923717837,0.8375502086149431,0.4986458845539199,0.2486477181825612,0.27231983289467077,0.07415809138778141,0.27231983289467077,0.07415809138778141,0.39628356528539244,0.15704066411530188
187.0,19.595100000000002,0.7343149352982209,0.5392184242020304,0.0,0.0,0.495075028382765,0.2450992837281956,0.9393388214172262,0.8823574214215036,0.0,0.0,1.3098454054190398,1.7156949860973687,1.1289447618845738,1.274516275386617,1.1289447618845738,1.274516275386617,0.9393388214172262,0.8823574214215036,0.495075028382765,0.2450992837281956,0.7343149352982209,0.5392184242020304
188.0,19.7024,0.4939470364218919,0.24398367478996982,0.0,0.0,0.4939470364218919,0.24398367478996982,0.4939470364218919,0.24398367478996982,0.0,0.0,0.9628800362464085,0.927137964201885,0.9628800362464085,0.927137964201885,0.6247990714333301,0.3903738796639516,0.33743006421378524,0.11385904823531923,0.0,0.0,0.0,0.0
189.0,19.809700000000003,0.0,0.0,1.8303553847435674,3.3502008344597725,1.1814893204588175,1.3959170143582382,2.421332579449713,5.862851460304602,0.0,0.0,2.9889578270515504,8.933868891892725,1.1814893204588175,1.3959170143582382,1.1814893204588175,1.3959170143582382,2.421332579449713,5.862851460304602,0.0,0.0,0.0,0.0
190.0,19.917,0.0,0.0,1.6269825642165041,2.647072264264511,0.0,0.0,2.572485308152659,6.61768066066128,0.0,0.0,6.8061563767392945,46.323764624628964,3.451351212089303,11.9118251891903,2.572485308152659,6.61768066066128,2.572485308152659,6.61768066066128,0.0,0.0,2.572485308152659,6.61768066066128
191.0,20.024300000000004,0.0,0.0,0.0,0.0,0.0,0.0,1.1814893204588175,1.3959170143582382,0.0,0.0,1.1814893204588175,1.3959170143582382,1.8303553847435674,3.3502008344597725,1.1814893204588175,1.3959170143582382,1.8303553847435674,3.3502008344597725,0.0,0.0,1.1814893204588175,1.3959170143582382
192.0,20.131600000000002,0.0,0.0,0.0,0.0,2.572485308152659,6.61768066066128,2.572485308152659,6.61768066066128,0.0,0.0,2.572485308152659,6.61768066066128,3.451351212089303,11.9118251891903,1.6269825642165041,2.647072264264511,0.0,0.0,0.0,0.0,0.0,0.0
193.0,20.2389,0.0,0.0,0.0,0.0,0.0,0.0,2.5885134090669775,6.700401668919546,0.0,0.0,5.788091943343482,33.502008344597726,2.5885134090669775,6.700401668919546,0.0,0.0,0.0,0.0,0.0,0.0,2.5885134090669775,6.700401668919546
194.0,20.346200000000003,0.0,0.0,0.0,0.0,5.788091943343482,33.502008344597726,2.5885134090669775,6.700401668919546,0.0,0.0,4.227024696377519,17.867737783785458,2.5885134090669775,6.700401668919546,2.5885134090669775,6.700401668919546,0.0,0.0,0.0,0.0,0.0,0.0
195.0,20.453500000000002,0.0,0.0,0.0,0.0,2.5885134090669775,6.700401668919546,0.0,0.0,0.0,0.0,0.0,0.0,2.5885134090669775,6.700401668919546,4.227024696377519,17.867737783785458,2.5885134090669775,6.700401668919546,0.0,0.0,0.0,0.0
196.0,20.560800000000004,0.0,0.0,0.0,0.0,0.0,0.0,0.0,0.0,0.0,0.0,0.0,0.0,0.0,0.0,0.0,0.0,0.0,0.0,0.0,0.0,0.0,0.0
197.0,20.668100000000003,0.0,0.0,0.0,0.0,0.0,0.0,0.0,0.0,0.0,0.0,0.0,0.0,0.0,0.0,0.0,0.0,0.0,0.0,0.0,0.0,0.0,0.0
198.0,20.7754,0.0,0.0,0.0,0.0,0.0,0.0,0.0,0.0,0.0,0.0,0.0,0.0,0.0,0.0,0.0,0.0,0.0,0.0,0.0,0.0,0.0,0.0
199.0,20.882700000000003,0.0,0.0,0.0,0.0,0.0,0.0,0.0,0.0,0.0,0.0,0.0,0.0,0.0,0.0,0.0,0.0,0.0,0.0,0.0,0.0,0.0,0.0
200.0,20.990000000000002,0.0,0.0,0.0,0.0,0.0,0.0,0.0,0.0,0.0,0.0,0.0,0.0,0.0,0.0,0.0,0.0,0.0,0.0,0.0,0.0,0.0,0.0
201.0,21.097300000000004,0.0,0.0,0.0,0.0,0.0,0.0,0.0,0.0,0.0,0.0,0.0,0.0,0.0,0.0,0.0,0.0,0.0,0.0,0.0,0.0,0.0,0.0
202.0,21.204600000000003,0.0,0.0,0.0,0.0,0.0,0.0,0.0,0.0,0.0,0.0,0.0,0.0,5.977915654103101,35.7354755675709,5.977915654103101,35.7354755675709,5.977915654103101,35.7354755675709,0.0,0.0,0.0,0.0
203.0,21.3119,0.0,0.0,0.0,0.0,0.0,0.0,0.0,0.0,0.0,0.0,0.0,0.0,0.0,0.0,0.0,0.0,0.0,0.0,0.0,0.0,0.0,0.0
204.0,21.419200000000004,0.0,0.0,0.0,0.0,0.0,0.0,0.0,0.0,0.0,0.0,0.0,0.0,0.0,0.0,0.0,0.0,0.0,0.0,0.0,0.0,0.0,0.0
205.0,21.526500000000002,0.0,0.0,0.0,0.0,0.0,0.0,0.0,0.0,0.0,0.0,0.0,0.0,0.0,0.0,0.0,0.0,0.0,0.0,0.0,0.0,0.0,0.0
206.0,21.6338,0.0,0.0,0.0,0.0,0.0,0.0,0.0,0.0,0.0,0.0,0.0,0.0,0.0,0.0,0.0,0.0,0.0,0.0,0.0,0.0,0.0,0.0
207.0,21.741100000000003,0.0,0.0,0.0,0.0,0.0,0.0,0.0,0.0,0.0,0.0,0.0,0.0,0.0,0.0,0.0,0.0,0.0,0.0,0.0,0.0,0.0,0.0
208.0,21.8484,0.0,0.0,0.0,0.0,0.0,0.0,5.977915654103101,35.7354755675709,0.0,0.0,0.0,0.0,0.0,0.0,5.977915654103101,35.7354755675709,0.0,0.0,5.977915654103101,35.7354755675709,0.0,0.0
209.0,21.955700000000004,0.0,0.0,0.0,0.0,0.0,0.0,0.0,0.0,0.0,0.0,0.0,0.0,0.0,0.0,0.0,0.0,0.0,0.0,0.0,0.0,0.0,0.0
210.0,22.063000000000002,0.0,0.0,0.0,0.0,0.0,0.0,0.0,0.0,0.0,0.0,0.0,0.0,0.0,0.0,0.0,0.0,0.0,0.0,0.0,0.0,0.0,0.0
211.0,22.1703,0.0,0.0,0.0,0.0,0.0,0.0,0.0,0.0,0.0,0.0,0.0,0.0,0.0,0.0,0.0,0.0,0.0,0.0,0.0,0.0,0.0,0.0
212.0,22.277600000000003,0.0,0.0,0.0,0.0,0.0,0.0,0.0,0.0,0.0,0.0,0.0,0.0,0.0,0.0,0.0,0.0,0.0,0.0,0.0,0.0,0.0,0.0
213.0,22.384900000000002,0.0,0.0,0.0,0.0,0.0,0.0,0.0,0.0,0.0,0.0,0.0,0.0,0.0,0.0,0.0,0.0,0.0,0.0,0.0,0.0,0.0,0.0
214.0,22.492200000000004,0.0,0.0,0.0,0.0,0.0,0.0,0.0,0.0,0.0,0.0,0.0,0.0,0.0,0.0,0.0,0.0,0.0,0.0,0.0,0.0,0.0,0.0
215.0,22.599500000000003,0.0,0.0,0.0,0.0,0.0,0.0,0.0,0.0,0.0,0.0,0.0,0.0,0.0,0.0,0.0,0.0,0.0,0.0,0.0,0.0,0.0,0.0
216.0,22.7068,0.0,0.0,0.0,0.0,0.0,0.0,0.0,0.0,0.0,0.0,0.0,0.0,0.0,0.0,0.0,0.0,0.0,0.0,0.0,0.0,0.0,0.0
217.0,22.814100000000003,0.0,0.0,0.0,0.0,0.0,0.0,0.0,0.0,0.0,0.0,0.0,0.0,0.0,0.0,0.0,0.0,0.0,0.0,0.0,0.0,0.0,0.0
218.0,22.921400000000002,0.0,0.0,0.0,0.0,0.0,0.0,0.0,0.0,0.0,0.0,0.0,0.0,0.0,0.0,0.0,0.0,0.0,0.0,0.0,0.0,0.0,0.0
219.0,23.028700000000004,0.0,0.0,0.0,0.0,0.0,0.0,0.0,0.0,0.0,0.0,0.0,0.0,0.0,0.0,0.0,0.0,0.0,0.0,0.0,0.0,0.0,0.0
220.0,23.136000000000003,0.0,0.0,0.0,0.0,0.0,0.0,0.0,0.0,0.0,0.0,5.977915654103101,35.7354755675709,0.0,0.0,0.0,0.0,0.0,0.0,0.0,0.0,0.0,0.0
221.0,23.2433,0.0,0.0,0.0,0.0,5.977915654103101,35.7354755675709,5.977915654103101,35.7354755675709,0.0,0.0,0.0,0.0,0.0,0.0,0.0,0.0,0.0,0.0,0.0,0.0,0.0,0.0
222.0,23.350600000000004,0.0,0.0,0.0,0.0,0.0,0.0,0.0,0.0,0.0,0.0,0.0,0.0,0.0,0.0,0.0,0.0,0.0,0.0,0.0,0.0,0.0,0.0
223.0,23.457900000000002,0.0,0.0,0.0,0.0,0.0,0.0,0.0,0.0,0.0,0.0,0.0,0.0,0.0,0.0,0.0,0.0,0.0,0.0,0.0,0.0,0.0,0.0
224.0,23.565200000000004,0.0,0.0,0.0,0.0,0.0,0.0,0.0,0.0,0.0,0.0,0.0,0.0,0.0,0.0,0.0,0.0,0.0,0.0,0.0,0.0,0.0,0.0
225.0,23.672500000000003,0.0,0.0,0.0,0.0,0.0,0.0,0.0,0.0,0.0,0.0,0.0,0.0,0.0,0.0,0.0,0.0,0.0,0.0,0.0,0.0,0.0,0.0
226.0,23.7798,0.0,0.0,0.0,0.0,0.0,0.0,0.0,0.0,0.0,0.0,0.0,0.0,0.0,0.0,0.0,0.0,0.0,0.0,0.0,0.0,0.0,0.0
227.0,23.887100000000004,0.0,0.0,0.0,0.0,0.0,0.0,0.0,0.0,0.0,0.0,0.0,0.0,0.0,0.0,0.0,0.0,0.0,0.0,0.0,0.0,0.0,0.0
228.0,23.994400000000002,0.0,0.0,0.0,0.0,0.0,0.0,0.0,0.0,0.0,0.0,5.977915654103101,35.7354755675709,0.0,0.0,0.0,0.0,5.977915654103101,35.7354755675709,0.0,0.0,0.0,0.0
229.0,24.1017,0.0,0.0,0.0,0.0,0.0,0.0,0.0,0.0,0.0,0.0,0.0,0.0,0.0,0.0,0.0,0.0,0.0,0.0,0.0,0.0,0.0,0.0
230.0,24.209000000000003,0.0,0.0,0.0,0.0,0.0,0.0,0.0,0.0,0.0,0.0,0.0,0.0,0.0,0.0,0.0,0.0,0.0,0.0,0.0,0.0,0.0,0.0
231.0,24.316300000000002,0.0,0.0,0.0,0.0,0.0,0.0,0.0,0.0,0.0,0.0,0.0,0.0,0.0,0.0,0.0,0.0,0.0,0.0,0.0,0.0,0.0,0.0
232.0,24.423600000000004,0.0,0.0,0.0,0.0,0.0,0.0,0.0,0.0,0.0,0.0,0.0,0.0,0.0,0.0,0.0,0.0,0.0,0.0,0.0,0.0,0.0,0.0
233.0,24.530900000000003,0.0,0.0,0.0,0.0,0.0,0.0,0.0,0.0,0.0,0.0,0.0,0.0,0.0,0.0,0.0,0.0,0.0,0.0,0.0,0.0,0.0,0.0
234.0,24.6382,0.0,0.0,0.0,0.0,0.0,0.0,0.0,0.0,0.0,0.0,0.0,0.0,0.0,0.0,0.0,0.0,0.0,0.0,0.0,0.0,0.0,0.0
235.0,24.745500000000003,0.0,0.0,0.0,0.0,0.0,0.0,0.0,0.0,0.0,0.0,0.0,0.0,0.0,0.0,0.0,0.0,0.0,0.0,0.0,0.0,0.0,0.0
236.0,24.852800000000002,0.0,0.0,0.0,0.0,0.0,0.0,0.0,0.0,0.0,0.0,0.0,0.0,0.0,0.0,0.0,0.0,0.0,0.0,0.0,0.0,0.0,0.0
237.0,24.960100000000004,0.0,0.0,0.0,0.0,0.0,0.0,0.0,0.0,0.0,0.0,0.0,0.0,0.0,0.0,0.0,0.0,0.0,0.0,0.0,0.0,0.0,0.0
238.0,25.067400000000003,0.0,0.0,0.0,0.0,0.0,0.0,0.0,0.0,0.0,0.0,0.0,0.0,0.0,0.0,0.0,0.0,0.0,0.0,0.0,0.0,0.0,0.0
239.0,25.1747,0.0,0.0,0.0,0.0,0.0,0.0,0.0,0.0,0.0,0.0,0.0,0.0,0.0,0.0,0.0,0.0,0.0,0.0,0.0,0.0,0.0,0.0
240.0,25.282000000000004,0.0,0.0,0.0,0.0,0.0,0.0,0.0,0.0,0.0,0.0,0.0,0.0,0.0,0.0,0.0,0.0,0.0,0.0,0.0,0.0,0.0,0.0
241.0,25.389300000000002,0.0,0.0,0.0,0.0,0.0,0.0,0.0,0.0,0.0,0.0,0.0,0.0,0.0,0.0,0.0,0.0,0.0,0.0,0.0,0.0,0.0,0.0
242.0,25.496600000000004,0.0,0.0,0.0,0.0,0.0,0.0,0.0,0.0,0.0,0.0,0.0,0.0,0.0,0.0,0.0,0.0,0.0,0.0,0.0,0.0,0.0,0.0
243.0,25.603900000000003,0.0,0.0,0.0,0.0,0.0,0.0,0.0,0.0,0.0,0.0,0.0,0.0,0.0,0.0,0.0,0.0,0.0,0.0,0.0,0.0,0.0,0.0
244.0,25.7112,0.0,0.0,0.0,0.0,0.0,0.0,0.0,0.0,0.0,0.0,0.0,0.0,0.0,0.0,0.0,0.0,0.0,0.0,0.0,0.0,0.0,0.0
245.0,25.818500000000004,0.0,0.0,0.0,0.0,0.0,0.0,0.0,0.0,0.0,0.0,0.0,0.0,0.0,0.0,0.0,0.0,0.0,0.0,0.0,0.0,0.0,0.0
246.0,25.925800000000002,0.0,0.0,0.0,0.0,0.0,0.0,0.0,0.0,0.0,0.0,0.0,0.0,0.0,0.0,0.0,0.0,0.0,0.0,0.0,0.0,0.0,0.0
247.0,26.0331,0.0,0.0,0.0,0.0,0.0,0.0,0.0,0.0,0.0,0.0,0.0,0.0,0.0,0.0,0.0,0.0,0.0,0.0,0.0,0.0,0.0,0.0
248.0,26.140400000000003,0.0,0.0,0.0,0.0,0.0,0.0,0.0,0.0,0.0,0.0,0.0,0.0,0.0,0.0,0.0,0.0,0.0,0.0,0.0,0.0,0.0,0.0
249.0,26.247700000000002,0.0,0.0,0.0,0.0,0.0,0.0,0.0,0.0,0.0,0.0,0.0,0.0,0.0,0.0,0.0,0.0,0.0,0.0,0.0,0.0,0.0,0.0
250.0,26.355000000000004,0.0,0.0,0.0,0.0,0.0,0.0,0.0,0.0,0.0,0.0,0.0,0.0,0.0,0.0,0.0,0.0,0.0,0.0,0.0,0.0,0.0,0.0
251.0,26.462300000000003,0.0,0.0,0.0,0.0,0.0,0.0,0.0,0.0,0.0,0.0,0.0,0.0,0.0,0.0,0.0,0.0,0.0,0.0,0.0,0.0,0.0,0.0
252.0,26.5696,0.0,0.0,0.0,0.0,0.0,0.0,0.0,0.0,0.0,0.0,0.0,0.0,0.0,0.0,0.0,0.0,0.0,0.0,0.0,0.0,0.0,0.0
253.0,26.676900000000003,0.0,0.0,0.0,0.0,0.0,0.0,0.0,0.0,0.0,0.0,0.0,0.0,0.0,0.0,0.0,0.0,0.0,0.0,0.0,0.0,0.0,0.0
254.0,26.784200000000002,0.0,0.0,0.0,0.0,0.0,0.0,0.0,0.0,0.0,0.0,0.0,0.0,0.0,0.0,0.0,0.0,0.0,0.0,0.0,0.0,0.0,0.0
255.0,26.891500000000004,0.0,0.0,0.0,0.0,0.0,0.0,0.0,0.0,0.0,0.0,0.0,0.0,0.0,0.0,0.0,0.0,0.0,0.0,0.0,0.0,0.0,0.0
256.0,26.998800000000003,0.0,0.0,0.0,0.0,0.0,0.0,0.0,0.0,0.0,0.0,0.0,0.0,0.0,0.0,0.0,0.0,0.0,0.0,0.0,0.0,0.0,0.0
257.0,27.1061,0.0,0.0,0.0,0.0,0.0,0.0,0.0,0.0,0.0,0.0,0.0,0.0,0.0,0.0,0.0,0.0,0.0,0.0,0.0,0.0,0.0,0.0
258.0,27.213400000000004,0.0,0.0,0.0,0.0,0.0,0.0,0.0,0.0,0.0,0.0,0.0,0.0,0.0,0.0,0.0,0.0,0.0,0.0,0.0,0.0,0.0,0.0
259.0,27.320700000000002,0.0,0.0,0.0,0.0,0.0,0.0,0.0,0.0,0.0,0.0,0.0,0.0,0.0,0.0,0.0,0.0,0.0,0.0,0.0,0.0,0.0,0.0
260.0,27.428000000000004,0.0,0.0,0.0,0.0,0.0,0.0,0.0,0.0,0.0,0.0,0.0,0.0,0.0,0.0,0.0,0.0,0.0,0.0,0.0,0.0,0.0,0.0
261.0,27.535300000000003,0.0,0.0,0.0,0.0,0.0,0.0,0.0,0.0,0.0,0.0,0.0,0.0,0.0,0.0,0.0,0.0,0.0,0.0,0.0,0.0,0.0,0.0
262.0,27.6426,0.0,0.0,0.0,0.0,0.0,0.0,0.0,0.0,0.0,0.0,0.0,0.0,0.0,0.0,0.0,0.0,0.0,0.0,0.0,0.0,0.0,0.0
263.0,27.749900000000004,0.0,0.0,0.0,0.0,0.0,0.0,0.0,0.0,0.0,0.0,0.0,0.0,0.0,0.0,0.0,0.0,0.0,0.0,0.0,0.0,0.0,0.0
264.0,27.857200000000002,0.0,0.0,0.0,0.0,0.0,0.0,0.0,0.0,0.0,0.0,0.0,0.0,0.0,0.0,0.0,0.0,0.0,0.0,0.0,0.0,0.0,0.0
265.0,27.964500000000005,0.0,0.0,0.0,0.0,0.0,0.0,0.0,0.0,0.0,0.0,0.0,0.0,0.0,0.0,0.0,0.0,0.0,0.0,0.0,0.0,0.0,0.0
266.0,28.071800000000003,0.0,0.0,0.0,0.0,0.0,0.0,0.0,0.0,0.0,0.0,0.0,0.0,0.0,0.0,0.0,0.0,0.0,0.0,0.0,0.0,0.0,0.0
267.0,28.179100000000002,0.0,0.0,0.0,0.0,0.0,0.0,0.0,0.0,0.0,0.0,0.0,0.0,0.0,0.0,0.0,0.0,0.0,0.0,0.0,0.0,0.0,0.0
268.0,28.286400000000004,0.0,0.0,0.0,0.0,0.0,0.0,0.0,0.0,0.0,0.0,0.0,0.0,0.0,0.0,0.0,0.0,0.0,0.0,0.0,0.0,0.0,0.0
269.0,28.393700000000003,0.0,0.0,0.0,0.0,0.0,0.0,0.0,0.0,0.0,0.0,0.0,0.0,0.0,0.0,0.0,0.0,0.0,0.0,0.0,0.0,0.0,0.0
270.0,28.501,0.0,0.0,0.0,0.0,0.0,0.0,0.0,0.0,0.0,0.0,0.0,0.0,0.0,0.0,0.0,0.0,0.0,0.0,0.0,0.0,0.0,0.0
271.0,28.608300000000003,0.0,0.0,0.0,0.0,0.0,0.0,0.0,0.0,0.0,0.0,0.0,0.0,0.0,0.0,0.0,0.0,0.0,0.0,0.0,0.0,0.0,0.0
272.0,28.715600000000002,0.0,0.0,0.0,0.0,0.0,0.0,0.0,0.0,0.0,0.0,0.0,0.0,0.0,0.0,0.0,0.0,0.0,0.0,0.0,0.0,0.0,0.0
273.0,28.822900000000004,0.0,0.0,0.0,0.0,0.0,0.0,0.0,0.0,0.0,0.0,0.0,0.0,0.0,0.0,0.0,0.0,0.0,0.0,0.0,0.0,0.0,0.0
274.0,28.930200000000003,0.0,0.0,0.0,0.0,0.0,0.0,0.0,0.0,0.0,0.0,0.0,0.0,0.0,0.0,0.0,0.0,0.0,0.0,0.0,0.0,0.0,0.0
275.0,29.0375,0.0,0.0,0.0,0.0,0.0,0.0,0.0,0.0,0.0,0.0,0.0,0.0,0.0,0.0,0.0,0.0,0.0,0.0,0.0,0.0,0.0,0.0
276.0,29.144800000000004,0.0,0.0,0.0,0.0,0.0,0.0,0.0,0.0,0.0,0.0,0.0,0.0,0.0,0.0,0.0,0.0,0.0,0.0,0.0,0.0,0.0,0.0
277.0,29.252100000000002,0.0,0.0,0.0,0.0,0.0,0.0,0.0,0.0,0.0,0.0,0.0,0.0,0.0,0.0,0.0,0.0,0.0,0.0,0.0,0.0,0.0,0.0
278.0,29.359400000000004,0.0,0.0,0.0,0.0,0.0,0.0,0.0,0.0,0.0,0.0,0.0,0.0,0.0,0.0,0.0,0.0,0.0,0.0,0.0,0.0,0.0,0.0
279.0,29.466700000000003,0.0,0.0,0.0,0.0,0.0,0.0,0.0,0.0,0.0,0.0,0.0,0.0,0.0,0.0,0.0,0.0,0.0,0.0,0.0,0.0,0.0,0.0
280.0,29.574,0.0,0.0,0.0,0.0,0.0,0.0,0.0,0.0,0.0,0.0,0.0,0.0,0.0,0.0,0.0,0.0,0.0,0.0,0.0,0.0,0.0,0.0
281.0,29.681300000000004,0.0,0.0,0.0,0.0,0.0,0.0,0.0,0.0,0.0,0.0,0.0,0.0,0.0,0.0,0.0,0.0,0.0,0.0,0.0,0.0,0.0,0.0
282.0,29.788600000000002,0.0,0.0,0.0,0.0,0.0,0.0,0.0,0.0,0.0,0.0,0.0,0.0,0.0,0.0,0.0,0.0,0.0,0.0,0.0,0.0,0.0,0.0
283.0,29.895900000000005,0.0,0.0,0.0,0.0,0.0,0.0,0.0,0.0,0.0,0.0,0.0,0.0,0.0,0.0,0.0,0.0,0.0,0.0,0.0,0.0,0.0,0.0
284.0,30.003200000000003,0.0,0.0,0.0,0.0,0.0,0.0,0.0,0.0,0.0,0.0,0.0,0.0,0.0,0.0,0.0,0.0,0.0,0.0,0.0,0.0,0.0,0.0
285.0,30.110500000000002,0.0,0.0,0.0,0.0,0.0,0.0,0.0,0.0,0.0,0.0,0.0,0.0,0.0,0.0,0.0,0.0,0.0,0.0,0.0,0.0,0.0,0.0
286.0,30.217800000000004,0.0,0.0,0.0,0.0,0.0,0.0,0.0,0.0,0.0,0.0,0.0,0.0,0.0,0.0,0.0,0.0,0.0,0.0,0.0,0.0,0.0,0.0
287.0,30.325100000000003,0.0,0.0,0.0,0.0,0.0,0.0,0.0,0.0,0.0,0.0,0.0,0.0,0.0,0.0,0.0,0.0,0.0,0.0,0.0,0.0,0.0,0.0
288.0,30.4324,0.0,0.0,0.0,0.0,0.0,0.0,0.0,0.0,0.0,0.0,0.0,0.0,0.0,0.0,0.0,0.0,0.0,0.0,0.0,0.0,0.0,0.0
289.0,30.539700000000003,0.0,0.0,0.0,0.0,0.0,0.0,0.0,0.0,0.0,0.0,0.0,0.0,0.0,0.0,0.0,0.0,0.0,0.0,0.0,0.0,0.0,0.0
290.0,30.647000000000002,0.0,0.0,0.0,0.0,0.0,0.0,0.0,0.0,0.0,0.0,0.0,0.0,0.0,0.0,0.0,0.0,0.0,0.0,0.0,0.0,0.0,0.0
291.0,30.754300000000004,0.0,0.0,0.0,0.0,0.0,0.0,0.0,0.0,0.0,0.0,0.0,0.0,0.0,0.0,0.0,0.0,0.0,0.0,0.0,0.0,0.0,0.0
292.0,30.861600000000003,0.0,0.0,0.0,0.0,0.0,0.0,0.0,0.0,0.0,0.0,0.0,0.0,0.0,0.0,0.0,0.0,0.0,0.0,0.0,0.0,0.0,0.0
293.0,30.9689,0.0,0.0,0.0,0.0,0.0,0.0,0.0,0.0,0.0,0.0,0.0,0.0,0.0,0.0,0.0,0.0,0.0,0.0,0.0,0.0,0.0,0.0
294.0,31.076200000000004,0.0,0.0,0.0,0.0,0.0,0.0,0.0,0.0,0.0,0.0,0.0,0.0,0.0,0.0,0.0,0.0,0.0,0.0,0.0,0.0,0.0,0.0
295.0,31.183500000000002,0.0,0.0,0.0,0.0,0.0,0.0,0.0,0.0,0.0,0.0,0.0,0.0,0.0,0.0,0.0,0.0,0.0,0.0,0.0,0.0,0.0,0.0
296.0,31.290800000000004,0.0,0.0,0.0,0.0,0.0,0.0,0.0,0.0,0.0,0.0,0.0,0.0,0.0,0.0,0.0,0.0,0.0,0.0,0.0,0.0,0.0,0.0
297.0,31.398100000000003,0.0,0.0,0.0,0.0,0.0,0.0,0.0,0.0,0.0,0.0,0.0,0.0,0.0,0.0,0.0,0.0,0.0,0.0,0.0,0.0,0.0,0.0
298.0,31.5054,0.0,0.0,0.0,0.0,0.0,0.0,0.0,0.0,0.0,0.0,0.0,0.0,0.0,0.0,0.0,0.0,0.0,0.0,0.0,0.0,0.0,0.0
299.0,31.612700000000004,0.0,0.0,0.0,0.0,0.0,0.0,0.0,0.0,0.0,0.0,0.0,0.0,0.0,0.0,0.0,0.0,0.0,0.0,0.0,0.0,0.0,0.0
300.0,31.720000000000006,0.0,0.0,0.0,0.0,0.0,0.0,0.0,0.0,0.0,0.0,0.0,0.0,0.0,0.0,0.0,0.0,0.0,0.0,0.0,0.0,0.0,0.0
301.0,31.8273,0.0,0.0,0.0,0.0,0.0,0.0,0.0,0.0,0.0,0.0,0.0,0.0,0.0,0.0,0.0,0.0,0.0,0.0,0.0,0.0,0.0,0.0
302.0,31.934600000000003,0.0,0.0,0.0,0.0,0.0,0.0,0.0,0.0,0.0,0.0,0.0,0.0,0.0,0.0,0.0,0.0,0.0,0.0,0.0,0.0,0.0,0.0
303.0,32.041900000000005,0.0,0.0,0.0,0.0,0.0,0.0,0.0,0.0,0.0,0.0,0.0,0.0,0.0,0.0,0.0,0.0,0.0,0.0,0.0,0.0,0.0,0.0
304.0,32.1492,0.0,0.0,0.0,0.0,0.0,0.0,0.0,0.0,0.0,0.0,0.0,0.0,0.0,0.0,0.0,0.0,0.0,0.0,0.0,0.0,0.0,0.0
305.0,32.2565,0.0,0.0,0.0,0.0,0.0,0.0,0.0,0.0,0.0,0.0,0.0,0.0,0.0,0.0,0.0,0.0,0.0,0.0,0.0,0.0,0.0,0.0
306.0,32.363800000000005,0.0,0.0,0.0,0.0,0.0,0.0,0.0,0.0,0.0,0.0,0.0,0.0,0.0,0.0,0.0,0.0,0.0,0.0,0.0,0.0,0.0,0.0
307.0,32.4711,0.0,0.0,0.0,0.0,0.0,0.0,0.0,0.0,0.0,0.0,0.0,0.0,0.0,0.0,0.0,0.0,0.0,0.0,0.0,0.0,0.0,0.0
308.0,32.5784,0.0,0.0,0.0,0.0,0.0,0.0,0.0,0.0,0.0,0.0,0.0,0.0,0.0,0.0,0.0,0.0,0.0,0.0,0.0,0.0,0.0,0.0
309.0,32.685700000000004,0.0,0.0,0.0,0.0,0.0,0.0,0.0,0.0,0.0,0.0,0.0,0.0,0.0,0.0,0.0,0.0,0.0,0.0,0.0,0.0,0.0,0.0
310.0,32.793000000000006,0.0,0.0,0.0,0.0,0.0,0.0,0.0,0.0,0.0,0.0,0.0,0.0,0.0,0.0,0.0,0.0,0.0,0.0,0.0,0.0,0.0,0.0
311.0,32.9003,0.0,0.0,0.0,0.0,0.0,0.0,0.0,0.0,0.0,0.0,0.0,0.0,0.0,0.0,0.0,0.0,0.0,0.0,0.0,0.0,0.0,0.0
312.0,33.007600000000004,0.0,0.0,0.0,0.0,0.0,0.0,0.0,0.0,0.0,0.0,0.0,0.0,0.0,0.0,0.0,0.0,0.0,0.0,0.0,0.0,0.0,0.0
313.0,33.114900000000006,0.0,0.0,0.0,0.0,0.0,0.0,0.0,0.0,0.0,0.0,0.0,0.0,0.0,0.0,0.0,0.0,0.0,0.0,0.0,0.0,0.0,0.0
314.0,33.2222,0.0,0.0,0.0,0.0,0.0,0.0,0.0,0.0,0.0,0.0,0.0,0.0,0.0,0.0,0.0,0.0,0.0,0.0,0.0,0.0,0.0,0.0
315.0,33.3295,0.0,0.0,0.0,0.0,0.0,0.0,0.0,0.0,0.0,0.0,0.0,0.0,0.0,0.0,0.0,0.0,0.0,0.0,0.0,0.0,0.0,0.0
316.0,33.436800000000005,0.0,0.0,0.0,0.0,0.0,0.0,0.0,0.0,0.0,0.0,0.0,0.0,0.0,0.0,0.0,0.0,0.0,0.0,0.0,0.0,0.0,0.0
317.0,33.5441,0.0,0.0,0.0,0.0,0.0,0.0,0.0,0.0,0.0,0.0,0.0,0.0,0.0,0.0,0.0,0.0,0.0,0.0,0.0,0.0,0.0,0.0
318.0,33.6514,0.0,0.0,0.0,0.0,0.0,0.0,0.0,0.0,0.0,0.0,0.0,0.0,0.0,0.0,0.0,0.0,0.0,0.0,0.0,0.0,0.0,0.0
319.0,33.758700000000005,0.0,0.0,0.0,0.0,0.0,0.0,0.0,0.0,0.0,0.0,0.0,0.0,0.0,0.0,0.0,0.0,0.0,0.0,0.0,0.0,0.0,0.0
320.0,33.866,0.0,0.0,0.0,0.0,0.0,0.0,0.0,0.0,0.0,0.0,0.0,0.0,0.0,0.0,0.0,0.0,0.0,0.0,0.0,0.0,0.0,0.0
321.0,33.9733,0.0,0.0,0.0,0.0,0.0,0.0,0.0,0.0,0.0,0.0,0.0,0.0,0.0,0.0,0.0,0.0,0.0,0.0,0.0,0.0,0.0,0.0
322.0,34.080600000000004,0.0,0.0,0.0,0.0,0.0,0.0,0.0,0.0,0.0,0.0,0.0,0.0,0.0,0.0,0.0,0.0,0.0,0.0,0.0,0.0,0.0,0.0
323.0,34.187900000000006,0.0,0.0,0.0,0.0,0.0,0.0,0.0,0.0,0.0,0.0,0.0,0.0,0.0,0.0,0.0,0.0,0.0,0.0,0.0,0.0,0.0,0.0
324.0,34.2952,0.0,0.0,0.0,0.0,0.0,0.0,0.0,0.0,0.0,0.0,0.0,0.0,0.0,0.0,0.0,0.0,0.0,0.0,0.0,0.0,0.0,0.0
325.0,34.4025,0.0,0.0,0.0,0.0,0.0,0.0,0.0,0.0,0.0,0.0,0.0,0.0,0.0,0.0,0.0,0.0,0.0,0.0,0.0,0.0,0.0,0.0
326.0,34.509800000000006,0.0,0.0,0.0,0.0,0.0,0.0,0.0,0.0,0.0,0.0,0.0,0.0,0.0,0.0,0.0,0.0,0.0,0.0,0.0,0.0,0.0,0.0
327.0,34.6171,0.0,0.0,0.0,0.0,0.0,0.0,0.0,0.0,0.0,0.0,0.0,0.0,0.0,0.0,0.0,0.0,0.0,0.0,0.0,0.0,0.0,0.0
328.0,34.7244,0.0,0.0,0.0,0.0,0.0,0.0,0.0,0.0,0.0,0.0,0.0,0.0,0.0,0.0,0.0,0.0,0.0,0.0,0.0,0.0,0.0,0.0
329.0,34.831700000000005,0.0,0.0,0.0,0.0,0.0,0.0,0.0,0.0,0.0,0.0,0.0,0.0,0.0,0.0,0.0,0.0,0.0,0.0,0.0,0.0,0.0,0.0
330.0,34.939,0.0,0.0,0.0,0.0,0.0,0.0,0.0,0.0,0.0,0.0,0.0,0.0,0.0,0.0,0.0,0.0,0.0,0.0,0.0,0.0,0.0,0.0
331.0,35.0463,0.0,0.0,0.0,0.0,0.0,0.0,0.0,0.0,0.0,0.0,0.0,0.0,0.0,0.0,0.0,0.0,0.0,0.0,0.0,0.0,0.0,0.0
332.0,35.153600000000004,0.0,0.0,0.0,0.0,0.0,0.0,0.0,0.0,0.0,0.0,0.0,0.0,0.0,0.0,0.0,0.0,0.0,0.0,0.0,0.0,0.0,0.0
333.0,35.26090000000001,0.0,0.0,0.0,0.0,0.0,0.0,0.0,0.0,0.0,0.0,0.0,0.0,0.0,0.0,0.0,0.0,0.0,0.0,0.0,0.0,0.0,0.0
334.0,35.3682,0.0,0.0,0.0,0.0,0.0,0.0,0.0,0.0,0.0,0.0,0.0,0.0,0.0,0.0,0.0,0.0,0.0,0.0,0.0,0.0,0.0,0.0
335.0,35.475500000000004,0.0,0.0,0.0,0.0,0.0,0.0,0.0,0.0,0.0,0.0,0.0,0.0,0.0,0.0,0.0,0.0,0.0,0.0,0.0,0.0,0.0,0.0
336.0,35.582800000000006,0.0,0.0,0.0,0.0,0.0,0.0,0.0,0.0,0.0,0.0,0.0,0.0,0.0,0.0,0.0,0.0,0.0,0.0,0.0,0.0,0.0,0.0
337.0,35.6901,0.0,0.0,0.0,0.0,0.0,0.0,0.0,0.0,0.0,0.0,0.0,0.0,0.0,0.0,0.0,0.0,0.0,0.0,0.0,0.0,0.0,0.0
338.0,35.7974,0.0,0.0,0.0,0.0,0.0,0.0,0.0,0.0,0.0,0.0,0.0,0.0,0.0,0.0,0.0,0.0,0.0,0.0,0.0,0.0,0.0,0.0
339.0,35.904700000000005,0.0,0.0,0.0,0.0,0.0,0.0,0.0,0.0,0.0,0.0,0.0,0.0,0.0,0.0,0.0,0.0,0.0,0.0,0.0,0.0,0.0,0.0
340.0,36.012,0.0,0.0,0.0,0.0,0.0,0.0,0.0,0.0,0.0,0.0,0.0,0.0,0.0,0.0,0.0,0.0,0.0,0.0,0.0,0.0,0.0,0.0
341.0,36.1193,0.0,0.0,0.0,0.0,0.0,0.0,0.0,0.0,0.0,0.0,0.0,0.0,0.0,0.0,0.0,0.0,0.0,0.0,0.0,0.0,0.0,0.0
342.0,36.226600000000005,0.0,0.0,0.0,0.0,0.0,0.0,0.0,0.0,0.0,0.0,0.0,0.0,0.0,0.0,0.0,0.0,0.0,0.0,0.0,0.0,0.0,0.0
343.0,36.3339,0.0,0.0,0.0,0.0,0.0,0.0,0.0,0.0,0.0,0.0,0.0,0.0,0.0,0.0,0.0,0.0,0.0,0.0,0.0,0.0,0.0,0.0
344.0,36.4412,0.0,0.0,0.0,0.0,0.0,0.0,0.0,0.0,0.0,0.0,0.0,0.0,0.0,0.0,0.0,0.0,0.0,0.0,0.0,0.0,0.0,0.0
345.0,36.548500000000004,0.0,0.0,0.0,0.0,0.0,0.0,0.0,0.0,0.0,0.0,0.0,0.0,0.0,0.0,0.0,0.0,0.0,0.0,0.0,0.0,0.0,0.0
346.0,36.655800000000006,0.0,0.0,0.0,0.0,0.0,0.0,0.0,0.0,0.0,0.0,0.0,0.0,0.0,0.0,0.0,0.0,0.0,0.0,0.0,0.0,0.0,0.0
347.0,36.7631,0.0,0.0,0.0,0.0,0.0,0.0,0.0,0.0,0.0,0.0,0.0,0.0,0.0,0.0,0.0,0.0,0.0,0.0,0.0,0.0,0.0,0.0
348.0,36.870400000000004,0.0,0.0,0.0,0.0,0.0,0.0,0.0,0.0,0.0,0.0,0.0,0.0,0.0,0.0,0.0,0.0,0.0,0.0,0.0,0.0,0.0,0.0
349.0,36.977700000000006,0.0,0.0,0.0,0.0,0.0,0.0,0.0,0.0,0.0,0.0,0.0,0.0,0.0,0.0,0.0,0.0,0.0,0.0,0.0,0.0,0.0,0.0
350.0,37.085,0.0,0.0,0.0,0.0,0.0,0.0,0.0,0.0,0.0,0.0,0.0,0.0,0.0,0.0,0.0,0.0,0.0,0.0,0.0,0.0,0.0,0.0
351.0,37.1923,0.0,0.0,0.0,0.0,0.0,0.0,0.0,0.0,0.0,0.0,0.0,0.0,0.0,0.0,0.0,0.0,0.0,0.0,0.0,0.0,0.0,0.0
352.0,37.299600000000005,0.0,0.0,0.0,0.0,0.0,0.0,0.0,0.0,0.0,0.0,0.0,0.0,0.0,0.0,0.0,0.0,0.0,0.0,0.0,0.0,0.0,0.0
353.0,37.4069,0.0,0.0,0.0,0.0,0.0,0.0,0.0,0.0,0.0,0.0,0.0,0.0,0.0,0.0,0.0,0.0,0.0,0.0,0.0,0.0,0.0,0.0
354.0,37.5142,0.0,0.0,0.0,0.0,0.0,0.0,0.0,0.0,0.0,0.0,0.0,0.0,0.0,0.0,0.0,0.0,0.0,0.0,0.0,0.0,0.0,0.0
355.0,37.621500000000005,0.0,0.0,0.0,0.0,0.0,0.0,0.0,0.0,0.0,0.0,0.0,0.0,0.0,0.0,0.0,0.0,0.0,0.0,0.0,0.0,0.0,0.0
356.0,37.72880000000001,0.0,0.0,0.0,0.0,0.0,0.0,0.0,0.0,0.0,0.0,0.0,0.0,0.0,0.0,0.0,0.0,0.0,0.0,0.0,0.0,0.0,0.0
357.0,37.8361,0.0,0.0,0.0,0.0,0.0,0.0,0.0,0.0,0.0,0.0,0.0,0.0,0.0,0.0,0.0,0.0,0.0,0.0,0.0,0.0,0.0,0.0
358.0,37.943400000000004,0.0,0.0,0.0,0.0,0.0,0.0,0.0,0.0,0.0,0.0,0.0,0.0,0.0,0.0,0.0,0.0,0.0,0.0,0.0,0.0,0.0,0.0
359.0,38.050700000000006,0.0,0.0,0.0,0.0,0.0,0.0,0.0,0.0,0.0,0.0,0.0,0.0,0.0,0.0,0.0,0.0,0.0,0.0,0.0,0.0,0.0,0.0
360.0,38.158,0.0,0.0,0.0,0.0,0.0,0.0,0.0,0.0,0.0,0.0,0.0,0.0,0.0,0.0,0.0,0.0,0.0,0.0,0.0,0.0,0.0,0.0
361.0,38.2653,0.0,0.0,0.0,0.0,0.0,0.0,0.0,0.0,0.0,0.0,0.0,0.0,0.0,0.0,0.0,0.0,0.0,0.0,0.0,0.0,0.0,0.0
362.0,38.372600000000006,0.0,0.0,0.0,0.0,0.0,0.0,0.0,0.0,0.0,0.0,0.0,0.0,0.0,0.0,0.0,0.0,0.0,0.0,0.0,0.0,0.0,0.0
363.0,38.4799,0.0,0.0,0.0,0.0,0.0,0.0,0.0,0.0,0.0,0.0,0.0,0.0,0.0,0.0,0.0,0.0,0.0,0.0,0.0,0.0,0.0,0.0
364.0,38.5872,0.0,0.0,0.0,0.0,0.0,0.0,0.0,0.0,0.0,0.0,0.0,0.0,0.0,0.0,0.0,0.0,0.0,0.0,0.0,0.0,0.0,0.0
365.0,38.694500000000005,0.0,0.0,0.0,0.0,0.0,0.0,0.0,0.0,0.0,0.0,0.0,0.0,0.0,0.0,0.0,0.0,0.0,0.0,0.0,0.0,0.0,0.0
366.0,38.8018,0.0,0.0,0.0,0.0,0.0,0.0,0.0,0.0,0.0,0.0,0.0,0.0,0.0,0.0,0.0,0.0,0.0,0.0,0.0,0.0,0.0,0.0
367.0,38.9091,0.0,0.0,0.0,0.0,0.0,0.0,0.0,0.0,0.0,0.0,0.0,0.0,0.0,0.0,0.0,0.0,0.0,0.0,0.0,0.0,0.0,0.0
368.0,39.016400000000004,0.0,0.0,0.0,0.0,0.0,0.0,0.0,0.0,0.0,0.0,0.0,0.0,0.0,0.0,0.0,0.0,0.0,0.0,0.0,0.0,0.0,0.0
369.0,39.12370000000001,0.0,0.0,0.0,0.0,0.0,0.0,0.0,0.0,0.0,0.0,0.0,0.0,0.0,0.0,0.0,0.0,0.0,0.0,0.0,0.0,0.0,0.0
370.0,39.231,0.0,0.0,0.0,0.0,0.0,0.0,0.0,0.0,0.0,0.0,0.0,0.0,0.0,0.0,0.0,0.0,0.0,0.0,0.0,0.0,0.0,0.0
371.0,39.338300000000004,0.0,0.0,0.0,0.0,0.0,0.0,0.0,0.0,0.0,0.0,0.0,0.0,0.0,0.0,0.0,0.0,0.0,0.0,0.0,0.0,0.0,0.0
372.0,39.445600000000006,0.0,0.0,0.0,0.0,0.0,0.0,0.0,0.0,0.0,0.0,0.0,0.0,0.0,0.0,0.0,0.0,0.0,0.0,0.0,0.0,0.0,0.0
373.0,39.5529,0.0,0.0,0.0,0.0,0.0,0.0,0.0,0.0,0.0,0.0,0.0,0.0,0.0,0.0,0.0,0.0,0.0,0.0,0.0,0.0,0.0,0.0
374.0,39.6602,0.0,0.0,0.0,0.0,0.0,0.0,0.0,0.0,0.0,0.0,0.0,0.0,0.0,0.0,0.0,0.0,0.0,0.0,0.0,0.0,0.0,0.0
375.0,39.767500000000005,0.0,0.0,0.0,0.0,0.0,0.0,0.0,0.0,0.0,0.0,0.0,0.0,0.0,0.0,0.0,0.0,0.0,0.0,0.0,0.0,0.0,0.0
376.0,39.8748,0.0,0.0,0.0,0.0,0.0,0.0,0.0,0.0,0.0,0.0,0.0,0.0,0.0,0.0,0.0,0.0,0.0,0.0,0.0,0.0,0.0,0.0
377.0,39.9821,0.0,0.0,0.0,0.0,0.0,0.0,0.0,0.0,0.0,0.0,0.0,0.0,0.0,0.0,0.0,0.0,0.0,0.0,0.0,0.0,0.0,0.0
378.0,40.089400000000005,0.0,0.0,0.0,0.0,0.0,0.0,0.0,0.0,0.0,0.0,0.0,0.0,0.0,0.0,0.0,0.0,0.0,0.0,0.0,0.0,0.0,0.0
379.0,40.19670000000001,0.0,0.0,0.0,0.0,0.0,0.0,0.0,0.0,0.0,0.0,0.0,0.0,0.0,0.0,0.0,0.0,0.0,0.0,0.0,0.0,0.0,0.0
380.0,40.304,0.0,0.0,0.0,0.0,0.0,0.0,0.0,0.0,0.0,0.0,0.0,0.0,0.0,0.0,0.0,0.0,0.0,0.0,0.0,0.0,0.0,0.0
381.0,40.411300000000004,0.0,0.0,0.0,0.0,0.0,0.0,0.0,0.0,0.0,0.0,0.0,0.0,0.0,0.0,0.0,0.0,0.0,0.0,0.0,0.0,0.0,0.0
382.0,40.518600000000006,0.0,0.0,0.0,0.0,0.0,0.0,0.0,0.0,0.0,0.0,0.0,0.0,0.0,0.0,0.0,0.0,0.0,0.0,0.0,0.0,0.0,0.0
383.0,40.6259,0.0,0.0,0.0,0.0,0.0,0.0,0.0,0.0,0.0,0.0,0.0,0.0,0.0,0.0,0.0,0.0,0.0,0.0,0.0,0.0,0.0,0.0
384.0,40.733200000000004,0.0,0.0,0.0,0.0,0.0,0.0,0.0,0.0,0.0,0.0,0.0,0.0,0.0,0.0,0.0,0.0,0.0,0.0,0.0,0.0,0.0,0.0
385.0,40.840500000000006,0.0,0.0,0.0,0.0,0.0,0.0,0.0,0.0,0.0,0.0,0.0,0.0,0.0,0.0,0.0,0.0,0.0,0.0,0.0,0.0,0.0,0.0
386.0,40.9478,0.0,0.0,0.0,0.0,0.0,0.0,0.0,0.0,0.0,0.0,0.0,0.0,0.0,0.0,0.0,0.0,0.0,0.0,0.0,0.0,0.0,0.0
387.0,41.0551,0.0,0.0,0.0,0.0,0.0,0.0,0.0,0.0,0.0,0.0,0.0,0.0,0.0,0.0,0.0,0.0,0.0,0.0,0.0,0.0,0.0,0.0
388.0,41.162400000000005,0.0,0.0,0.0,0.0,0.0,0.0,0.0,0.0,0.0,0.0,0.0,0.0,0.0,0.0,0.0,0.0,0.0,0.0,0.0,0.0,0.0,0.0
389.0,41.2697,0.0,0.0,0.0,0.0,0.0,0.0,0.0,0.0,0.0,0.0,0.0,0.0,0.0,0.0,0.0,0.0,0.0,0.0,0.0,0.0,0.0,0.0
390.0,41.377,0.0,0.0,0.0,0.0,0.0,0.0,0.0,0.0,0.0,0.0,0.0,0.0,0.0,0.0,0.0,0.0,0.0,0.0,0.0,0.0,0.0,0.0
391.0,41.484300000000005,0.0,0.0,0.0,0.0,0.0,0.0,0.0,0.0,0.0,0.0,0.0,0.0,0.0,0.0,0.0,0.0,0.0,0.0,0.0,0.0,0.0,0.0
392.0,41.59160000000001,0.0,0.0,0.0,0.0,0.0,0.0,0.0,0.0,0.0,0.0,0.0,0.0,0.0,0.0,0.0,0.0,0.0,0.0,0.0,0.0,0.0,0.0
393.0,41.6989,0.0,0.0,0.0,0.0,0.0,0.0,0.0,0.0,0.0,0.0,0.0,0.0,0.0,0.0,0.0,0.0,0.0,0.0,0.0,0.0,0.0,0.0
394.0,41.806200000000004,0.0,0.0,0.0,0.0,0.0,0.0,0.0,0.0,0.0,0.0,0.0,0.0,0.0,0.0,0.0,0.0,0.0,0.0,0.0,0.0,0.0,0.0
395.0,41.913500000000006,0.0,0.0,0.0,0.0,0.0,0.0,0.0,0.0,0.0,0.0,0.0,0.0,0.0,0.0,0.0,0.0,0.0,0.0,0.0,0.0,0.0,0.0
396.0,42.0208,0.0,0.0,0.0,0.0,0.0,0.0,0.0,0.0,0.0,0.0,0.0,0.0,0.0,0.0,0.0,0.0,0.0,0.0,0.0,0.0,0.0,0.0
397.0,42.1281,0.0,0.0,0.0,0.0,0.0,0.0,0.0,0.0,0.0,0.0,0.0,0.0,0.0,0.0,0.0,0.0,0.0,0.0,0.0,0.0,0.0,0.0
398.0,42.235400000000006,0.0,0.0,0.0,0.0,0.0,0.0,0.0,0.0,0.0,0.0,0.0,0.0,0.0,0.0,0.0,0.0,0.0,0.0,0.0,0.0,0.0,0.0
399.0,42.3427,0.0,0.0,0.0,0.0,0.0,0.0,0.0,0.0,0.0,0.0,0.0,0.0,0.0,0.0,0.0,0.0,0.0,0.0,0.0,0.0,0.0,0.0
400.0,42.45,0.0,0.0,0.0,0.0,0.0,0.0,0.0,0.0,0.0,0.0,0.0,0.0,0.0,0.0,0.0,0.0,0.0,0.0,0.0,0.0,0.0,0.0
401.0,42.557300000000005,0.0,0.0,0.0,0.0,0.0,0.0,0.0,0.0,0.0,0.0,0.0,0.0,0.0,0.0,0.0,0.0,0.0,0.0,0.0,0.0,0.0,0.0
402.0,42.66460000000001,0.0,0.0,0.0,0.0,0.0,0.0,0.0,0.0,0.0,0.0,0.0,0.0,0.0,0.0,0.0,0.0,0.0,0.0,0.0,0.0,0.0,0.0
403.0,42.7719,0.0,0.0,0.0,0.0,0.0,0.0,0.0,0.0,0.0,0.0,0.0,0.0,0.0,0.0,0.0,0.0,0.0,0.0,0.0,0.0,0.0,0.0
404.0,42.879200000000004,0.0,0.0,0.0,0.0,0.0,0.0,0.0,0.0,0.0,0.0,0.0,0.0,0.0,0.0,0.0,0.0,0.0,0.0,0.0,0.0,0.0,0.0
405.0,42.98650000000001,0.0,0.0,0.0,0.0,0.0,0.0,0.0,0.0,0.0,0.0,0.0,0.0,0.0,0.0,0.0,0.0,0.0,0.0,0.0,0.0,0.0,0.0
406.0,43.0938,0.0,0.0,0.0,0.0,0.0,0.0,0.0,0.0,0.0,0.0,0.0,0.0,0.0,0.0,0.0,0.0,0.0,0.0,0.0,0.0,0.0,0.0
407.0,43.201100000000004,0.0,0.0,0.0,0.0,0.0,0.0,0.0,0.0,0.0,0.0,0.0,0.0,0.0,0.0,0.0,0.0,0.0,0.0,0.0,0.0,0.0,0.0
408.0,43.308400000000006,0.0,0.0,0.0,0.0,0.0,0.0,0.0,0.0,0.0,0.0,0.0,0.0,0.0,0.0,0.0,0.0,0.0,0.0,0.0,0.0,0.0,0.0
409.0,43.4157,0.0,0.0,0.0,0.0,0.0,0.0,0.0,0.0,0.0,0.0,0.0,0.0,0.0,0.0,0.0,0.0,0.0,0.0,0.0,0.0,0.0,0.0
410.0,43.523,0.0,0.0,0.0,0.0,0.0,0.0,0.0,0.0,0.0,0.0,0.0,0.0,0.0,0.0,0.0,0.0,0.0,0.0,0.0,0.0,0.0,0.0
411.0,43.630300000000005,0.0,0.0,0.0,0.0,0.0,0.0,0.0,0.0,0.0,0.0,0.0,0.0,0.0,0.0,0.0,0.0,0.0,0.0,0.0,0.0,0.0,0.0
412.0,43.7376,0.0,0.0,0.0,0.0,0.0,0.0,0.0,0.0,0.0,0.0,0.0,0.0,0.0,0.0,0.0,0.0,0.0,0.0,0.0,0.0,0.0,0.0
413.0,43.8449,0.0,0.0,0.0,0.0,0.0,0.0,0.0,0.0,0.0,0.0,0.0,0.0,0.0,0.0,0.0,0.0,0.0,0.0,0.0,0.0,0.0,0.0
414.0,43.952200000000005,0.0,0.0,0.0,0.0,0.0,0.0,0.0,0.0,0.0,0.0,0.0,0.0,0.0,0.0,0.0,0.0,0.0,0.0,0.0,0.0,0.0,0.0
415.0,44.05950000000001,0.0,0.0,0.0,0.0,0.0,0.0,0.0,0.0,0.0,0.0,0.0,0.0,0.0,0.0,0.0,0.0,0.0,0.0,0.0,0.0,0.0,0.0
416.0,44.1668,0.0,0.0,0.0,0.0,0.0,0.0,0.0,0.0,0.0,0.0,0.0,0.0,0.0,0.0,0.0,0.0,0.0,0.0,0.0,0.0,0.0,0.0
417.0,44.274100000000004,0.0,0.0,0.0,0.0,0.0,0.0,0.0,0.0,0.0,0.0,0.0,0.0,0.0,0.0,0.0,0.0,0.0,0.0,0.0,0.0,0.0,0.0
418.0,44.381400000000006,0.0,0.0,0.0,0.0,0.0,0.0,0.0,0.0,0.0,0.0,0.0,0.0,0.0,0.0,0.0,0.0,0.0,0.0,0.0,0.0,0.0,0.0
419.0,44.4887,0.0,0.0,0.0,0.0,0.0,0.0,0.0,0.0,0.0,0.0,0.0,0.0,0.0,0.0,0.0,0.0,0.0,0.0,0.0,0.0,0.0,0.0
420.0,44.596000000000004,0.0,0.0,0.0,0.0,0.0,0.0,0.0,0.0,0.0,0.0,0.0,0.0,0.0,0.0,0.0,0.0,0.0,0.0,0.0,0.0,0.0,0.0
421.0,44.703300000000006,0.0,0.0,0.0,0.0,0.0,0.0,0.0,0.0,0.0,0.0,0.0,0.0,0.0,0.0,0.0,0.0,0.0,0.0,0.0,0.0,0.0,0.0
422.0,44.8106,0.0,0.0,0.0,0.0,0.0,0.0,0.0,0.0,0.0,0.0,0.0,0.0,0.0,0.0,0.0,0.0,0.0,0.0,0.0,0.0,0.0,0.0
423.0,44.9179,0.0,0.0,0.0,0.0,0.0,0.0,0.0,0.0,0.0,0.0,0.0,0.0,0.0,0.0,0.0,0.0,0.0,0.0,0.0,0.0,0.0,0.0
424.0,45.025200000000005,0.0,0.0,0.0,0.0,0.0,0.0,0.0,0.0,0.0,0.0,0.0,0.0,0.0,0.0,0.0,0.0,0.0,0.0,0.0,0.0,0.0,0.0
425.0,45.13250000000001,0.0,0.0,0.0,0.0,0.0,0.0,0.0,0.0,0.0,0.0,0.0,0.0,0.0,0.0,0.0,0.0,0.0,0.0,0.0,0.0,0.0,0.0
426.0,45.2398,0.0,0.0,0.0,0.0,0.0,0.0,0.0,0.0,0.0,0.0,0.0,0.0,0.0,0.0,0.0,0.0,0.0,0.0,0.0,0.0,0.0,0.0
427.0,45.347100000000005,0.0,0.0,0.0,0.0,0.0,0.0,0.0,0.0,0.0,0.0,0.0,0.0,0.0,0.0,0.0,0.0,0.0,0.0,0.0,0.0,0.0,0.0
428.0,45.45440000000001,0.0,0.0,0.0,0.0,0.0,0.0,0.0,0.0,0.0,0.0,0.0,0.0,0.0,0.0,0.0,0.0,0.0,0.0,0.0,0.0,0.0,0.0
429.0,45.5617,0.0,0.0,0.0,0.0,0.0,0.0,0.0,0.0,0.0,0.0,0.0,0.0,0.0,0.0,0.0,0.0,0.0,0.0,0.0,0.0,0.0,0.0
430.0,45.669000000000004,0.0,0.0,0.0,0.0,0.0,0.0,0.0,0.0,0.0,0.0,0.0,0.0,0.0,0.0,0.0,0.0,0.0,0.0,0.0,0.0,0.0,0.0
431.0,45.776300000000006,0.0,0.0,0.0,0.0,0.0,0.0,0.0,0.0,0.0,0.0,0.0,0.0,0.0,0.0,0.0,0.0,0.0,0.0,0.0,0.0,0.0,0.0
432.0,45.8836,0.0,0.0,0.0,0.0,0.0,0.0,0.0,0.0,0.0,0.0,0.0,0.0,0.0,0.0,0.0,0.0,0.0,0.0,0.0,0.0,0.0,0.0
433.0,45.9909,0.0,0.0,0.0,0.0,0.0,0.0,0.0,0.0,0.0,0.0,0.0,0.0,0.0,0.0,0.0,0.0,0.0,0.0,0.0,0.0,0.0,0.0
434.0,46.098200000000006,0.0,0.0,0.0,0.0,0.0,0.0,0.0,0.0,0.0,0.0,0.0,0.0,0.0,0.0,0.0,0.0,0.0,0.0,0.0,0.0,0.0,0.0
435.0,46.2055,0.0,0.0,0.0,0.0,0.0,0.0,0.0,0.0,0.0,0.0,0.0,0.0,0.0,0.0,0.0,0.0,0.0,0.0,0.0,0.0,0.0,0.0
436.0,46.3128,0.0,0.0,0.0,0.0,0.0,0.0,0.0,0.0,0.0,0.0,0.0,0.0,0.0,0.0,0.0,0.0,0.0,0.0,0.0,0.0,0.0,0.0
437.0,46.420100000000005,0.0,0.0,0.0,0.0,0.0,0.0,0.0,0.0,0.0,0.0,0.0,0.0,0.0,0.0,0.0,0.0,0.0,0.0,0.0,0.0,0.0,0.0
438.0,46.52740000000001,0.0,0.0,0.0,0.0,0.0,0.0,0.0,0.0,0.0,0.0,0.0,0.0,0.0,0.0,0.0,0.0,0.0,0.0,0.0,0.0,0.0,0.0
439.0,46.6347,0.0,0.0,0.0,0.0,0.0,0.0,0.0,0.0,0.0,0.0,0.0,0.0,0.0,0.0,0.0,0.0,0.0,0.0,0.0,0.0,0.0,0.0
440.0,46.742000000000004,0.0,0.0,0.0,0.0,0.0,0.0,0.0,0.0,0.0,0.0,0.0,0.0,0.0,0.0,0.0,0.0,0.0,0.0,0.0,0.0,0.0,0.0
441.0,46.84930000000001,0.0,0.0,0.0,0.0,0.0,0.0,0.0,0.0,0.0,0.0,0.0,0.0,0.0,0.0,0.0,0.0,0.0,0.0,0.0,0.0,0.0,0.0
442.0,46.9566,0.0,0.0,0.0,0.0,0.0,0.0,0.0,0.0,0.0,0.0,0.0,0.0,0.0,0.0,0.0,0.0,0.0,0.0,0.0,0.0,0.0,0.0
443.0,47.063900000000004,0.0,0.0,0.0,0.0,0.0,0.0,0.0,0.0,0.0,0.0,0.0,0.0,0.0,0.0,0.0,0.0,0.0,0.0,0.0,0.0,0.0,0.0
444.0,47.171200000000006,0.0,0.0,0.0,0.0,0.0,0.0,0.0,0.0,0.0,0.0,0.0,0.0,0.0,0.0,0.0,0.0,0.0,0.0,0.0,0.0,0.0,0.0
445.0,47.2785,0.0,0.0,0.0,0.0,0.0,0.0,0.0,0.0,0.0,0.0,0.0,0.0,0.0,0.0,0.0,0.0,0.0,0.0,0.0,0.0,0.0,0.0
446.0,47.3858,0.0,0.0,0.0,0.0,0.0,0.0,0.0,0.0,0.0,0.0,0.0,0.0,0.0,0.0,0.0,0.0,0.0,0.0,0.0,0.0,0.0,0.0
447.0,47.493100000000005,0.0,0.0,0.0,0.0,0.0,0.0,0.0,0.0,0.0,0.0,0.0,0.0,0.0,0.0,0.0,0.0,0.0,0.0,0.0,0.0,0.0,0.0
448.0,47.60040000000001,0.0,0.0,0.0,0.0,0.0,0.0,0.0,0.0,0.0,0.0,0.0,0.0,0.0,0.0,0.0,0.0,0.0,0.0,0.0,0.0,0.0,0.0
449.0,47.7077,0.0,0.0,0.0,0.0,0.0,0.0,0.0,0.0,0.0,0.0,0.0,0.0,0.0,0.0,0.0,0.0,0.0,0.0,0.0,0.0,0.0,0.0
450.0,47.815000000000005,0.0,0.0,0.0,0.0,0.0,0.0,0.0,0.0,0.0,0.0,0.0,0.0,0.0,0.0,0.0,0.0,0.0,0.0,0.0,0.0,0.0,0.0
