,energy,-9 arc min,-9 arc min err,-7 arc min,-7 arc min err,-5 arc min ,-5 arc min  err,-3 arc min,-3 arc min err,-1 arc min,-1 arc min err,on-axis,on-axis err,+1 arc min,+1 arc min err,+3 arc min,+3 arc min err,+5 arc min,+5 arc min err,+7 arc min ,+7 arc min  err,+9 arc min ,+9 arc min  err
0,-0.3627,0.0,0.0,0.0,0.0,0.0,0.0,0.0,0.0,0.0,0.0,0.0,0.0,0.0,0.0,0.0,0.0,0.0,0.0,0.0,0.0,0.0,0.0
1,-0.25539999999999996,0.0,0.0,0.0,0.0,0.0,0.0,0.0,0.0,0.0,0.0,0.0,0.0,0.0,0.0,0.0,0.0,0.0,0.0,0.0,0.0,0.0,0.0
2,-0.14809999999999995,0.0,0.0,0.0,0.0,0.0,0.0,0.0,0.0,0.0,0.0,0.0,0.0,0.0,0.0,0.0,0.0,0.0,0.0,0.0,0.0,0.0,0.0
3,-0.04079999999999995,0.0,0.0,0.0,0.0,0.0,0.0,0.0,0.0,0.0,0.0,0.0,0.0,0.0,0.0,0.0,0.0,0.0,0.0,0.0,0.0,0.0,0.0
4,0.0665,0.0,0.0,0.0,0.0,0.0,0.0,0.0,0.0,0.0,0.0,0.0,0.0,0.0,0.0,0.0,0.0,0.0,0.0,0.0,0.0,0.0,0.0
5,0.17380000000000007,0.0,0.0,0.0,0.0,0.0,0.0,0.0,0.0,0.0,0.0,0.0,0.0,0.0,0.0,0.0,0.0,0.0,0.0,0.0,0.0,0.0,0.0
6,0.2811000000000001,0.0,0.0,0.0,0.0,0.0,0.0,0.0,0.0,0.0,0.0,0.0,0.0,0.0,0.0,0.0,0.0,0.0,0.0,0.0,0.0,0.0,0.0
7,0.3884000000000001,0.0,0.0,0.0,0.0,0.0,0.0,0.0,0.0,0.0,0.0,0.0,0.0,0.0,0.0,0.0,0.0,0.0,0.0,0.0,0.0,0.0,0.0
8,0.49570000000000003,0.0,0.0,0.0,0.0,0.0,0.0,0.0,0.0,0.0,0.0,0.0,0.0,0.0,0.0,0.0,0.0,0.0,0.0,0.0,0.0,0.0,0.0
9,0.603,0.0,0.0,0.0,0.0,0.0,0.0,0.0,0.0,0.0,0.0,0.0,0.0,0.0,0.0,0.0,0.0,0.0,0.0,0.0,0.0,0.0,0.0
10,0.7103000000000002,0.0,0.0,0.0,0.0,0.0,0.0,0.0,0.0,0.0,0.0,0.0,0.0,0.0,0.0,0.0,0.0,0.0,0.0,0.0,0.0,0.0,0.0
11,0.8176000000000001,0.0,0.0,0.0,0.0,0.0,0.0,0.0,0.0,0.0,0.0,0.0,0.0,0.0,0.0,0.0,0.0,0.0,0.0,0.0,0.0,0.0,0.0
12,0.9249,0.0,0.0,0.0,0.0,0.0,0.0,0.0,0.0,0.0,0.0,0.0,0.0,0.0,0.0,0.0,0.0,0.0,0.0,0.0,0.0,0.0,0.0
13,1.0322000000000002,0.0,0.0,0.0,0.0,0.0,0.0,0.0,0.0,0.0,0.0,0.0,0.0,0.0,0.0,0.0,0.0,0.0,0.0,0.0,0.0,0.0,0.0
14,1.1395000000000002,0.0,0.0,0.0,0.0,0.0,0.0,0.0,0.0,0.0,0.0,0.0,0.0,0.0,0.0,0.0,0.0,0.0,0.0,0.0,0.0,0.0,0.0
15,1.2468000000000001,0.0,0.0,0.0,0.0,0.0,0.0,0.0,0.0,0.0,0.0,0.0,0.0,0.0,0.0,0.0,0.0,0.0,0.0,0.0,0.0,0.0,0.0
16,1.3541,0.0,0.0,0.0,0.0,0.0,0.0,0.0,0.0,0.0,0.0,0.0,0.0,0.0,0.0,0.0,0.0,0.0,0.0,0.0,0.0,0.0,0.0
17,1.4614,0.0,0.0,0.0,0.0,0.0,0.0,0.0,0.0,0.0,0.0,0.0,0.0,0.0,0.0,0.0,0.0,0.0,0.0,0.0,0.0,0.0,0.0
18,1.5687,0.0,0.0,0.0,0.0,0.0,0.0,0.0,0.0,0.0,0.0,0.0,0.0,0.0,0.0,0.0,0.0,0.0,0.0,0.0,0.0,0.0,0.0
19,1.676,0.0,0.0,0.0,0.0,0.0,0.0,0.0,0.0,0.0,0.0,0.0,0.0,0.0,0.0,0.0,0.0,0.0,0.0,0.0,0.0,0.0,0.0
20,1.7833000000000003,0.0,0.0,0.0,0.0,0.0,0.0,0.0,0.0,0.0,0.0,0.0,0.0,0.0,0.0,0.0,0.0,0.0,0.0,0.0,0.0,0.0,0.0
21,1.8906000000000003,0.0,0.0,0.0,0.0,0.0,0.0,0.0,0.0,0.0,0.0,0.0,0.0,0.0,0.0,0.0,0.0,0.0,0.0,0.0,0.0,0.0,0.0
22,1.9979000000000002,4.227024696377518,0.6266558335398869,5.248942754842414,0.7393107177248918,5.434746038199667,0.759621581770564,7.710836259326024,1.005757552306878,7.757287080165337,1.010743100091689,8.175344467719157,1.0555642214615664,6.828270663379069,0.9107933323679404,7.757287080165337,1.010743100091689,5.574098500717607,0.7748266457537916,4.5057296214133995,0.6575631821579048,4.180573875538205,0.6214887031919406
23,2.1052,7.073796430672583,1.277271551139751,10.869492076399334,1.82997417982748,12.24974503848179,2.029558252477616,14.923985152516547,2.415128283408198,14.837719342386393,2.402708171794575,15.096516772776852,2.4399655731033065,12.681074089132556,2.09183472542122,12.76733989926271,2.104285370791045,11.214555316919949,1.8799177860864777,11.387086937180255,1.9048769129347531,7.9364545319741175,1.4036025067182671
24,2.2125000000000004,5.462616530703255,0.9023967602884018,8.128893646879844,1.243072781592645,7.023364110904185,1.1025535185529751,10.990264210581548,1.6040430919601583,11.380451105631781,1.6530629623966722,12.290887194082325,1.767309087621992,12.160824895732246,1.7509987009934291,10.144859271306045,1.4976943321482745,9.884734674605891,1.4649284423272342,7.023364110904185,1.1025535185529751,5.267523083178139,0.8771698335086818
25,2.3198,6.833689925810322,1.122389520070966,9.58125597845571,1.4849280104208213,10.074408859699753,1.5496154841537961,10.567561740943797,1.614221719633142,14.019631909652103,2.0648301350569467,15.217288906959068,2.2206971041375243,11.694768326644468,1.7616359856159578,11.835669149857052,1.7800408704084918,9.863057624880877,1.5219028323882733,6.622338690991446,1.094289411237566,5.847384163322234,0.9908661095311309
26,2.4271000000000003,10.838524862506459,2.046186781591849,12.139147846007232,2.25701975137213,13.548156078133072,2.484933695912123,18.642262763511106,3.3063081357072464,18.642262763511106,3.3063081357072464,20.37642674151214,3.585334894104716,20.8099677360124,3.655059734068759,16.366172542384753,2.9397009232535996,15.065549558883976,2.729953665245429,12.464303591882427,2.3096552253342986,10.513369116631264,1.9933942260701911
27,2.5344000000000007,6.944397715477352,1.1770028543744782,8.831462312074459,1.4350555979016582,12.303661169813134,1.9057617421642565,14.643621269593547,2.22138386982346,13.96427801481859,2.129840740654374,13.813312847090819,2.1094888783230594,13.813312847090819,2.1094888783230594,11.85076566662983,1.8445582418737219,12.152696002085367,1.885365473510398,8.982427479802228,1.455610734736272,7.850188721843963,1.3011561106996956
28,2.6417,7.608644453479534,1.2795837279811582,9.991149282346862,1.60711994655496,13.142204056010105,2.037243898280205,11.220829194020324,1.775273243594997,13.680189017367242,2.1104677136873504,14.448738962163155,2.2149953171356507,15.524708884877434,2.3612012113276766,13.449624033928469,2.0790919329117723,13.142204056010105,2.037243898280205,10.298569260265229,1.6492027573068884,8.146629414836672,1.3538065831467565
29,2.7490000000000006,11.307291062809863,2.0955371015012236,13.52647902840806,2.450216295626146,17.22512563773839,3.0393913235415995,19.23296236851771,3.358589913881428,21.874852803753658,3.778143486611444,21.557825951525345,3.727818807471621,22.191879655981975,3.828462961915854,20.501069777430967,3.560029460097392,15.957018228825133,2.8375920288549574,14.160532732864688,2.5513604648021295,11.4129666802193,2.1124553276934446
30,2.8563,11.055295359756586,1.8025119331883575,12.599785152663758,2.0192067601995367,12.762363025601354,2.041985900325148,15.03845324672771,2.360422832571333,17.80227708666686,2.7462272525144527,17.233254531385267,2.6668565990933253,17.07067665844767,2.6441741963607597,15.119742183196509,2.37178173571605,11.543028978569378,1.8710043917408605,11.624317915038176,1.8824137833729466,8.697916202161432,1.470348289805598
31,2.9636000000000005,8.75068270478153,1.4115053535892768,10.752957560960356,1.681056025017385,14.015923993251773,2.1179756233651643,15.128298913351122,2.2665110413523757,17.130573769529946,2.533522324645606,14.535032289298135,2.1873123141556556,15.647407209397482,2.335775648191842,12.458599105112686,1.9097143065541946,11.56869916903321,1.7905011430012232,11.197907529000094,1.7407750073835189,9.19563267282127,1.4715418972777081
32,3.0709,6.510589762236639,0.8964053550254826,7.482319577495838,1.00351712468732,8.405462901992077,1.104754124972313,10.786200949377116,1.3643055103025759,9.717298152591997,1.2479921467638904,9.668711661829038,1.242697604149817,11.126306384717838,1.4012550435041171,9.328606226488318,1.2056149431560617,8.502635883517998,1.1153869944956023,7.482319577495838,1.00351712468732,4.032678733325679,0.6187559855931665
33,3.1782000000000004,8.850332958040429,1.344775593808414,10.633609001824695,1.571335858165466,11.426176132395481,1.6717142665974987,12.879215871775253,1.855376330726797,15.256917263487606,2.15517143477126,15.851342611415696,2.230012189126155,16.908098785510074,2.362978640917635,15.190870002606708,2.1468534900544536,12.350837784728062,1.7886381443086827,9.37871104508762,1.4120257172488846,7.661482262184252,1.1929715078512657
34,3.2855,7.527578226425718,1.1009565767379994,9.322616111188776,1.3154409630642403,13.086405224401634,1.761733889719513,13.781258599148623,1.843822745107292,14.360303078104447,1.9121803529229446,16.444863202345417,2.1579619019473943,15.286774244433769,2.021470504562069,13.839163047044206,1.850660444198843,12.854787432819304,1.734354974205225,9.554233902771104,1.343015254714216,7.411769330634554,1.0870599825606073
35,3.3928000000000003,6.669305632062308,0.8985850434511847,8.594950215967621,1.1065674455620373,10.708462564156381,1.333067082611715,13.761313733762368,1.6584570094124955,14.043115380187535,1.688423607679961,12.446239383778249,1.518476707649149,13.479512087337199,1.628480807381746,12.681074089132556,1.5434911848915953,9.863057624880877,1.2426284591492471,8.360115510613316,1.0813055179258932,6.434470926708,0.8730602856998566
36,3.5001000000000007,7.26519869689886,0.9325887269076496,9.290648030579755,1.1437690777039489,10.963845306229189,1.3171558246512372,13.121389161671882,1.5398704273452943,12.813168610894353,1.508099210679857,14.794586437321316,1.7121406864368072,13.781861770480868,1.6079100822396684,13.693798755973004,1.5988412141617383,11.007876813483122,1.321709432444771,9.995152146642674,1.216864230830814,7.001009653375266,0.9048916651953904
37,3.6074,8.31621163091664,1.0648137611929456,11.39458831197418,1.3909718568369667,12.772965930358154,1.536300967922707,15.5756670877389,1.8310134241621365,15.943234452641292,1.8696057785560614,15.621613008351698,1.835838088929324,14.151343548742126,1.6813510448122062,14.794586437321316,1.7489651290885186,13.048641454034948,1.565330821668241,10.245940296654203,1.2695819888681321,8.31621163091664,1.0648137611929456
38,3.7147000000000006,7.2735289820550095,0.8681014309988938,9.21567546417441,1.056441255585548,12.566830178419648,1.3788803469789148,13.13804973198418,1.4336471836550324,14.24240753554227,1.5394195138471345,14.432814053397111,1.5576431229827379,15.65141576766811,1.674196691910405,12.909561910558367,1.411745535533247,12.186017142709964,1.3423443564553512,8.073236357045351,0.9458439900386713,7.045041160629198,0.8458279590364141
39,3.822,7.493361961760146,0.8156847818505009,9.12653059445146,0.9608693621452754,10.695653398409782,1.0996135432639265,12.296799116734599,1.2406930555569482,12.90523448969803,1.2942056828435171,14.218173978724382,1.4095374371143117,13.417601119561972,1.3392347178751507,12.74511991786555,1.2801278888877512,10.951836713341752,1.1222151108197551,8.710232707687007,0.9239511768414674,7.013018246262701,0.7727686658702263
40,3.9293000000000005,8.602366048768284,0.9839194597460097,10.86419505297029,1.1992466748877828,13.570974025212035,1.4555886804285256,16.018198849430597,1.686614007849176,16.57438630948027,1.739052529379653,16.463148817470337,1.7285665027825103,17.24181126153988,1.8019522006029056,14.794586437321316,1.57116804827419,13.533894861208722,1.4520838562935692,9.863057624880877,1.10410435987285,9.269791000827894,1.0476065481539227
41,4.036600000000001,8.581177955052105,0.9090582842604841,10.170284983765459,1.0492558854408085,14.111270414974573,1.3948795761908637,14.079488274400306,1.3920999843024615,15.382556037945257,1.5059917286174413,16.049980990004862,1.5642758919609925,16.43136667689607,1.5975677085892022,15.636813162539392,1.5281989037441968,13.539191884637766,1.3448319775263515,10.45632424893386,1.0744253845710519,8.612960095626372,0.9118694201547588
42,4.1439,8.313148569542454,0.8336598964701659,9.975778283450945,0.9718848132376771,11.441146844861818,1.0931966928654824,12.793794747702623,1.2048813784083123,15.527270718026752,1.4299890273316311,15.668171541239337,1.441576330497511,14.23098314447098,1.3233180480988642,14.033721991973362,1.3070736842023982,13.357398040552958,1.251351626070866,10.764822893441416,1.037254659023416,7.636824618122051,0.7771835326384657
43,4.251200000000001,7.711117779452322,0.7469388953102601,9.350690995016935,0.8771891190595666,11.118355868047534,1.01687400383337,13.577715691394454,1.2104286817493843,15.704037205329811,1.3773011326418878,15.37099889591825,1.3511862330410807,14.83301393456111,1.3089848451700128,15.55032721637063,1.3652489920902036,11.400157514472701,1.0390914991969586,9.760584298908087,0.9096360802079378,7.1987511495883805,0.7060402469689078
44,4.3585,7.998831348529766,0.708166866452832,9.169392033680465,0.7936833859613438,11.358774055906768,0.9528245903843916,13.396416730057982,1.100328542000064,13.829957724558241,1.1316593297174635,13.396416730057982,1.100328542000064,12.984552785282737,1.0705489517511058,13.244677381982893,1.0893589207254517,10.665108464706355,0.9024928877731259,9.321131381755555,0.80474280900176,6.936655912004134,0.6301754378919738
45,4.465800000000001,7.788883069974819,0.6892595179648816,9.140672693689458,0.787561121666022,11.221999574646915,0.9381073499288817,13.238955521141772,1.0834034903993723,13.689552062379985,1.1158068495377327,14.397632341468606,1.1666929367725665,13.603724149763183,1.1096361243031012,12.681074089132556,1.0432593727397161,11.887165897427135,0.9860757914346034,10.277892535862089,0.869914461500427,7.080802790886199,0.6375257392262866
46,4.5731,7.945035947641514,0.7115629113614274,9.250766089454466,0.8079444863333901,11.972881469844177,1.0077177478977515,13.986804230945507,1.1548968347715922,15.53597558563884,1.2678825359741202,14.00893525029827,1.1565121379543213,15.867940875930268,1.2920735508323002,13.942542192239983,1.1516661114435551,12.813860205249128,1.0692256749609645,9.361421186218275,0.8160919680910904,7.701594734761135,0.6935355681673648
47,4.680400000000001,9.82558400168604,0.8569958886841458,10.140362436522667,0.8803121810672165,13.153241741387491,1.1027211168857614,16.03121600275091,1.3143322721901283,16.00873182883401,1.3126811922867843,16.390962785421337,1.340745794214739,16.660772872424157,1.3605514587118988,15.041912350407234,1.2416565422237664,14.097577045897363,1.1722239385964803,11.871643828124094,1.0082575522397463,8.61143861017335,0.766858882595464
48,4.787700000000001,9.978550102923979,0.8801112692808252,11.965020725265326,1.0289210196988445,14.36726426856184,1.2082346410314735,16.630916838206634,1.3767918103148251,17.97062958350661,1.476419059320304,17.85513710546351,1.467833663684465,17.300773210856622,1.4266157541389486,17.346970202073862,1.4300511027651543,14.690643207082525,1.2323346484141444,11.803331256004984,1.0168299648240917,10.255732050227424,0.900914145766756
49,4.8950000000000005,7.384138577489359,0.5964571705210069,9.629197337391112,0.7440616812702489,11.190214756385299,0.8460850050655746,13.049404041928938,0.967194469127595,14.41748672374407,1.0561163409411365,13.768524425959967,1.0139527795757566,13.400194473163587,0.9900085185369035,13.505431602533982,0.9968507999622418,11.944414183539795,0.895258056228967,9.155630255224334,0.7130282581857651,6.89303197376085,0.5639623680733401
50,5.002300000000001,8.531609478927102,0.7066255391693581,10.897192107175073,0.8694918266437917,13.185214649250977,1.0262251869772274,14.290445877202895,1.1017561274104444,15.085436760466559,1.1560310858891558,16.423348246934673,1.247287453675679,15.182386868181638,1.162647238888844,14.523126135719089,1.1176458006774803,13.379114864681137,1.0394832950522623,11.188042430320312,0.8894499513531212,8.512219457384086,0.70528555593018
51,5.1096,8.71360354077822,0.703249051324894,10.326547174922274,0.8118857907663133,13.2928802951872,1.010666793607772,14.961442675336219,1.1221203976773493,16.741242547495176,1.2408168781626103,16.092357177437222,1.1975610278888886,15.888421775419008,1.1839620847724832,14.776046855319661,1.1097460505355505,12.291742867097787,0.9436873445487,11.105209618991816,0.8641689954112897,9.177093090819614,0.7345210778072105
52,5.216900000000001,9.136439029838403,0.7399384035751431,11.126742137998223,0.8752639689288875,14.33018237875069,1.0920178422687596,15.732872188310944,1.186672074526236,17.287204139445276,1.2914358571135478,17.26824887174852,1.2901589110949316,17.931683241135122,1.3348433874114811,16.870188250116556,1.2633395028150094,13.913166489421968,1.063852673888537,12.13137132592651,0.9433500471215166,8.378228321967997,0.6881758816922728
53,5.3242,8.503200842712916,0.6477380575579834,10.682248457512179,0.7856872766619014,12.599155005869427,0.9064703807960606,15.581009636647368,1.093726249046047,15.810383069784132,1.1081080539979873,14.909273153889698,1.0515921701224729,15.433555286773732,1.0844793845096197,14.86012170393182,1.048508202881194,11.566974556753987,0.841484447640932,10.747783724122684,0.7898238499859432,7.176111693850206,0.5631795822353909
54,5.431500000000001,8.09922615181824,0.6036177224291711,10.582988838375833,0.7563217944071282,11.848010827802682,0.8337261250760384,14.208356734903996,0.977738482342196,15.118555483394047,1.0331675256968105,15.13398258082608,1.034106594345468,15.905337452427819,1.0810443951450726,13.514137350462432,0.9354270281686811,11.446906294569779,0.809203490781172,9.56480040786154,0.6938627054032844,8.268924223570622,0.6140925734460027
55,5.538800000000001,8.274176001419823,0.6056387952930345,9.90802597271468,0.7047217879574876,11.99155942234757,0.8304619649319912,14.060103422702527,0.9548660606725878,15.349196060604891,1.032244766118702,15.424143306994562,1.036740718377197,15.499090553384235,1.041236387483157,13.625409393642427,0.928750252998715,12.366295654295932,0.8530252907188237,10.072909914771959,0.7146936881070055,8.618933334812317,0.6265928805190013
56,5.646100000000001,8.728156796274398,0.6212254084984136,10.113120519319592,0.7035347536500797,12.349259863819643,0.8358536655458723,14.094891223074523,0.9388203546492446,15.13361401535842,0.9999939135552279,15.494281651568105,1.0212210370223924,15.73953564419069,1.0356518254990825,13.936197463142262,0.9294687289130635,11.209550133397038,0.7684856334018395,9.362931836003446,0.6589935356981285,8.482902803651811,0.606610567802771
57,5.753400000000001,7.503678068401703,0.5434892769606267,9.063989197937028,0.6358147718106885,11.645594884986386,0.78758422881412,13.64563006011803,0.9046554370197267,15.475449475664004,1.011518633021496,15.092464016596242,0.9891673133960979,15.759142408306788,1.028070541802753,14.170461985507185,0.9353262461623433,12.681074089132556,0.8482371245596915,10.411530627990263,0.715151852061737,7.574601301562399,0.547699924101602
58,5.8607000000000005,8.583316203041813,0.5798745161327308,9.410623788877167,0.6264769198217641,11.465966072436878,0.741795696566322,13.1722879682223,0.837187582638257,13.650575166283364,0.863885541316314,14.581296200348138,0.9157969708530997,13.340334821595105,0.8465697250620966,13.495454993939234,0.8552284367503921,11.168652408777296,0.7251467555469439,9.475257194020553,0.6301124725011433,7.48454831560423,0.5177457432151841
59,5.968000000000001,8.948701218926875,0.6466104600816388,11.541875944009536,0.80336767892081,13.895219480645247,0.9449615556020649,15.034417625768265,1.013358589549341,17.582624003017123,1.1661156541539666,17.312813916014306,1.1499540812252742,16.473404756449977,1.0996558988046055,16.203594669447156,1.0834824911766943,13.790293335699706,0.9386577499694921,11.257076407728782,0.7861967641076508,8.933711769648939,0.6457010766353455
60,6.0753,7.86360784786421,0.5493892509697335,10.050925389164322,0.6749641049127085,11.553867503431885,0.7608064592605052,13.687508540651013,0.882286579587029,15.31122278910079,0.9745238318874793,15.740634821748664,0.9988940498972456,15.338061041141282,0.9760472264745463,13.727765918711752,0.8845753401086552,12.587140206990833,0.8196829644619227,10.02408713712383,0.6734285336280971,7.648901831540272,0.537004614595845
61,6.182600000000001,8.670127332505965,0.5977058117793804,11.209043124579363,0.743499088218828,12.073354883583072,0.7929406333026527,15.544106790832345,0.9908923580372103,15.908738314162035,1.0116487420475768,16.11131138267853,1.0231775125974487,15.74667985934884,1.0024244272810363,14.099085568748016,0.9085701239820203,12.667569217898123,0.82689116733183,10.223187524465757,0.6870021678282124,7.981378899549883,0.5579512238856902
62,6.2899,8.128893646879844,0.5451234758390622,10.079828122131005,0.653191113916427,12.118304528963952,0.7655250686337406,13.769095238791857,0.8562168912375165,15.069718222292634,0.9275476325388053,14.544466632801935,0.8987521416310146,14.757068466643407,0.9104091715901664,13.656541326758138,0.8500394325429775,11.64307690037713,0.7393760629403338,9.52956455218837,0.6227784310237231,7.691183988970929,0.5207673440994294
63,6.397200000000001,7.989809686216466,0.5311406138590911,10.005587359344473,0.6415426748747958,12.119099707533232,0.7566665400559742,14.07379320874827,0.8627853917509155,14.709068596643158,0.8972216189573766,15.47872916274658,0.9389146774244373,14.90453794676466,0.907813070244952,13.511818827148947,0.8323030932281872,11.520474822786127,0.7241073271220201,9.81011800922297,0.6308678911709904,7.501136310912706,0.5042436515143544
64,6.504500000000001,8.940224757194624,0.613266979655198,10.37174110804452,0.6955233840073833,13.65342481801173,0.8831568651291899,15.449572692191314,0.9855100716101137,16.732535459462447,1.0585217607412287,17.286235180074197,1.0900116799127981,17.380769278715228,1.0953869021971696,15.449572692191314,0.9855100716101137,13.910017371465955,0.8977902766953934,10.857916472484105,0.7233906478557955,7.981378899549883,0.5579512238856902
65,6.611800000000001,8.240182071807366,0.5529467965470498,10.353694419996126,0.6702973535134752,12.806878395572365,0.80576628254415,14.756845145389374,0.9131024226620875,16.165853377515212,0.9905329807616061,15.826181750127736,0.9718748601212965,16.568427158122596,1.0126402449483622,14.995873327625008,0.9262445677460958,13.347836913263535,0.8355679322833738,9.661770734577185,0.6319620741740971,8.051475612147655,0.542426333016307
66,6.719100000000001,6.664506090639009,0.4202498193027279,9.400244701919835,0.5582813106380464,10.747544544317536,0.6257644472337379,13.113032817229529,0.7437995819267419,12.742782478860695,0.7253534444146923,13.647838861540066,0.7704286062003161,13.740401446132276,0.7750357470004254,11.755448243210472,0.6761151614425267,10.089321720550721,0.5928245409958298,8.50547305086182,0.5133163878281141,6.479380921454592,0.4108352429271216
67,6.8264000000000005,7.589185004749407,0.47890380336948346,9.535129877762074,0.5793194950949608,11.481074750774743,0.6791484512137853,13.491884452887836,0.7819273762123603,14.724316205795857,0.8447907714262992,13.772965378989664,0.7962720687642456,15.124315985248463,0.8651771121061216,12.832425357033541,0.7482530711066684,11.967560969027911,0.7040432940486305,8.929724806158134,0.5481569967606923,7.11350959134631,0.4542242745917786
68,6.933700000000001,7.677245331606901,0.4670324777985901,9.77562513314992,0.5715712455966463,11.097200873544798,0.6370726784032373,12.953459928755928,0.7287919830311564,14.164063660415362,0.7884799222278367,14.607951695357153,0.8103454363946073,14.133798567123876,0.7869887286539616,13.679822167751587,0.764614930596936,11.924446756845411,0.6779819862798458,9.96730405732933,0.5810844741145761,7.515831500718977,0.4589531735894787
69,7.041,7.752704487974911,0.4563338508543334,10.378009063976195,0.5829628451279009,12.690551722980935,0.6938121419303821,14.045853363299289,0.7585952407928211,15.950857766823685,0.8494980491089599,16.273097317668608,0.8648601853860762,14.936750945047017,0.8011266504995455,14.074286264844428,0.7599532223776547,12.150326593623271,0.6679568051338943,9.648231257650927,0.5478692485081698,8.112854574213355,0.4737779796052839
70,7.148300000000001,7.73582926735284,0.4047124966936258,10.040118836351558,0.5035165129400777,12.748407225889014,0.6188909849826224,13.990329526063647,0.6716335767023154,14.918030521374819,0.71098400971755,15.284622043715524,0.7265242090416318,14.828253005699546,0.7071774618754034,14.080107041738923,0.6754433149282262,11.701002876344141,0.5743390143798084,9.823156506802977,0.4942449840530135,7.286941688976467,0.3853549143526903
71,7.2556,7.714184066233361,0.34431713399427605,9.368000678458284,0.40485821744862105,11.669199451389675,0.4886039921430087,13.284934760043631,0.547188013280484,14.628660757476382,0.595817064267393,15.05299528298146,0.6111596776745732,14.612340198803109,0.595226841002134,13.85615431360816,0.5678690991999876,11.843285410571248,0.49492309145130253,9.449603471824645,0.40783622937221137,7.3986532652167645,0.332716985277324
72,7.362900000000001,7.762137542172077,0.2958819371075674,9.893544162358673,0.36252287254085236,11.889749616339401,0.424579268479106,13.24176127839806,0.46648491771816125,14.939728865748203,0.5190139190976432,15.464627511018035,0.5352345969886754,15.082883041730884,0.5234384831883355,13.746777399225854,0.48211849878738294,11.647182818146524,0.41705164693765673,9.491917168629481,0.35000209624945383,7.300862975116768,0.2813813665729931
73,7.470200000000001,7.641492498154861,0.24864072890356084,9.840006365459596,0.307173577657492,12.196997641285641,0.36953125461078346,13.776008911643434,0.41116817920257565,15.288747811165042,0.45098674229201813,15.110100550650108,0.44628734835611034,15.061116624379885,0.44499867565610085,14.228389877786087,0.4230821710508021,12.00106193620475,0.3643581097813053,9.690173179221265,0.30319819635686757,7.321656273684578,0.2400799010333617
74,7.5775000000000015,8.544904302940477,0.2421634877297287,10.296132696764799,0.2834617088887361,12.969538428971322,0.34618632043750147,14.784365259925455,0.3886288972544707,16.215330095346108,0.42204151291213055,16.347069715114994,0.42511569097048163,15.974564583354697,0.4164224133605198,14.657168385665841,0.3856568664094779,12.524349369062676,0.3357605121981245,10.21663465035254,0.281591384784386,8.088358379258649,0.23135610758927866
75,7.6848,7.810340048129021,0.19160017096201426,9.670495000420104,0.22908054742078673,11.703956314725882,0.26982539208143896,13.60207361298209,0.30772477374310564,14.795411705711864,0.331506316974385,15.072701884935379,0.3370282798081349,15.047943833218993,0.3365353040367576,13.956939020916947,0.31479989538663045,11.657741284855296,0.26890125416276794,9.647387485484812,0.2286163928436193,7.2920714988660205,0.18110476306334233
76,7.7921000000000005,8.054869994783468,0.18266258670684618,10.206161821708823,0.22289482634408467,12.157863949648391,0.25920181475415144,14.277791681018837,0.2985111528486538,15.429709372308224,0.3198322145963658,15.714837513716489,0.32510635144196914,15.215863266252027,0.31587578659974824,14.264960914655465,0.2982735324504298,12.097987039952656,0.258089870495421,9.59883888050922,0.21156466555032807,7.587259842873914,0.17387367888233426
77,7.899400000000001,7.930826213874162,0.17145521592564372,10.250534888715483,0.21270809726813605,12.366624690987399,0.25012645230461406,14.476270858051425,0.2873098376318348,15.86422988183148,0.31172820852266814,15.687674277135224,0.3086236711159228,15.676075733761019,0.30841970813438985,14.605143562209275,0.2895783946492985,12.51482830076893,0.2527419244904225,10.072690556977648,0.20955571964069128,7.725918614263179,0.16779366977190113
78,8.0067,8.103357352695372,0.17175649302440668,10.061491910893285,0.20602369164338868,12.315405876543652,0.2452541848822649,14.25357220470258,0.2788767180853124,15.747445414494104,0.30474394899277385,15.621395962373013,0.30256263925929394,15.759925558268469,0.30495990828285374,14.392101800598034,0.28127696287522713,12.256749200804135,0.24423526736000745,9.789424776612123,0.2012750746342765,7.630359903646929,0.16344038117083587
79,8.113999999999999,8.029780391420049,0.17434201117589768,9.984028683723057,0.20932814418900295,12.26333230320272,0.24990840056578123,14.298518066529637,0.2860174711248675,15.558270639724293,0.3083283845004873,15.81413748360632,0.3128569334253517,15.583074058263877,0.3087674174780707,13.939521219246183,0.2796544193781259,11.933055203701946,0.24403895381088264,9.922672858914613,0.20823296977565722,7.574180756140322,0.166147035238756
80,8.2213,8.369539629650435,0.1957634203061551,10.379335450392634,0.23475263799197765,13.132817186455345,0.28787671403541726,14.939789575746497,0.32262789334710884,16.48862305228177,0.35236775416256594,16.659179119638335,0.3556405388015687,16.225874516083824,0.3473251247981775,15.035055126882595,0.3244582387205171,12.773266557973942,0.28095312911863096,10.256412158604121,0.23237438444596417,7.824067522338904,0.18513315596346838
81,8.3286,7.850188721843963,0.197850134467805,10.031766290164319,0.24302054192474018,12.14353337629842,0.2864951065106895,14.250064676268554,0.3297145617552306,15.510143879730391,0.3555193711797328,15.613114340955113,0.35762679972570355,15.199487234001573,0.34916026436197073,14.2762436070884,0.330250990447907,12.17145756917292,0.2870688387923838,9.721109644435499,0.23660772085516124,7.633776227066584,0.19334798547207416
82,8.4359,8.190409598802177,0.22991442076373156,9.9765692028328,0.2713858495710565,11.942882666064548,0.3168150577980759,14.117910966175641,0.366894145658634,15.407548958261714,0.3965290249123597,15.763462680098074,0.40470164423972266,15.770053674946894,0.4048529668536729,14.381550760128501,0.37295539110373266,12.39326731406735,0.3271972912842543,10.042479151321016,0.272911836542602,7.577447077861778,0.21561660378833514
83,8.5432,8.05397199003001,0.25409287189329566,9.803275944013917,0.29963305316739136,11.682260159570767,0.3483047387248932,14.331048481060595,0.41665446612149976,15.26640185708669,0.4407405968577556,15.655442641805509,0.4507527986634521,15.51196660772481,0.44706073294595083,14.215163991995416,0.4136688176739453,12.029913626766307,0.35729032071800876,9.612894283406836,0.2946893727286504,7.355905901137379,0.23582938960566047
84,8.6505,7.393959602969509,0.2603157032219516,9.350792013674242,0.3164313781508686,11.710991923008063,0.38366691642489176,13.72449580046234,0.44079757050497154,14.821255362850511,0.471857380157311,15.174618626112355,0.48185738997485345,15.191286704568103,0.48232901042585247,13.72116218477119,0.44070310821342973,11.350961428363922,0.3734327075828898,9.390795401968036,0.3175743068172402,7.137271194751,0.25291683542357796
85,8.7578,7.72823832293802,0.30023262822421154,9.786077662930587,0.3657712306317147,11.732570986530773,0.4274109112889268,13.75741891425893,0.4913093751781503,15.221412833492119,0.5374126784279925,14.895622637381072,0.5271587334522819,14.817268033253098,0.5246921419118725,13.860517077585211,0.49455837076842446,11.641844602803644,0.42454326724055647,9.534518144414463,0.3577840742896279,7.253986771637128,0.28504703131664366
86,8.8651,6.98417687414428,0.29078915257093896,8.855753683555493,0.3537180834180909,11.252284963899118,0.4337012380292559,13.402315883978828,0.5051291895615074,13.70815892356554,0.5152725247035519,13.909011068965766,0.5219318681148987,14.105298392879625,0.5284384340933679,13.297324989792344,0.5016462886664197,11.074256925930735,0.4277753038256603,8.531651358023307,0.34285766412138025,6.920269373335118,0.288629512361878
87,8.9724,7.625552552265043,0.34714540793795107,9.569983912598703,0.41958257102329416,11.706040392501475,0.498682401944394,13.988633728545336,0.5828804037771235,15.375097828957163,0.633913297417689,15.837252529094437,0.6509101578902756,15.420186092385189,0.6355718124219994,13.757556378476698,0.5743679286318041,11.875121380356576,0.5049289575711944,9.603800110169722,0.4208380160281095,6.960500666701647,0.3222230650723276
88,9.0797,7.7228507220472284,0.38992058500266913,9.811989781212395,0.47637889097170866,12.639291307949252,0.5926211305713722,13.795281587353976,0.6399943240553692,15.584977381372138,0.7132190342913572,15.348208288000084,0.7035386587575136,16.253501880304988,0.7405419864173989,14.951271866758702,0.6873053726089228,12.56268954244653,0.5894793831378226,9.380234375651593,0.4585617500324515,7.562683394177899,0.3832614517013305
89,9.187,7.6983337790608255,0.42469309380665177,10.090049127895256,0.5327394787043364,12.29075943151027,0.6315479953629259,14.53299257104255,0.7318722010193068,15.828505051661201,0.7897290748423914,15.91155072349573,0.7934356967621133,15.587672603341067,0.7789784936696533,14.267246421172059,0.7199955296385521,11.45199814598153,0.5939381744357394,9.49212029068665,0.5058086456913887,7.357846524539258,0.40922492374279146
90,9.2943,7.7948846504981475,0.4816159798775054,11.027930767281942,0.64530020780723,12.000983482042113,0.6943050840529171,14.564401924152243,0.8230676289682815,15.976897800417008,0.8938680059862429,15.642083963080173,0.8770933459060527,16.479118556422257,0.9190220123484882,14.553938991735468,0.8225428450768492,12.37764904904605,0.7132529445143018,9.249232256430016,0.5554523410944843,7.093868178574153,0.44585250890812494
91,9.4016,6.916949503163212,0.4754448659266421,8.763948564043712,0.577821323820418,11.18116210009537,0.7107912121932305,13.858690940029518,0.857337389888231,15.668502100355377,0.9561241152488361,15.048703757778028,0.9223117824853577,15.70569000091002,0.9581522998221575,13.64795950355322,0.8458230309405899,11.63981287360261,0.7359376093392226,8.987075967371558,0.5901342520988901,7.164868840194152,0.4892433053411047
92,9.5089,6.402095656649445,0.4692783320163618,8.276213402292552,0.5786924965645879,10.519682820434666,0.7085485545242433,12.872589771169077,0.8440086241025421,12.886269462743115,0.8447946839467259,14.486793376905476,0.9366732008444019,14.596230909497775,0.9429496262835392,12.66739439755852,0.8322159559561428,11.203667399136531,0.7479861678986564,8.344611860162738,0.5826660839700009,6.415775348223483,0.47008163637985556
93,9.6162,7.276903274776488,0.5943225449634473,8.61456931793393,0.6832066419214743,12.55622525843786,0.942960297344738,14.21493115195309,1.0517237863376634,14.71432647473187,1.0844299383349603,15.499090553384235,1.1357943864453663,15.178050703026448,1.1147859689531003,13.9473979433216,1.0341957166624007,12.502718616711563,0.9394478878920478,9.488511132796793,0.7410222566437016,6.848850140966106,0.5657488482047445
94,9.7235,7.2518680570880365,0.6179405559487264,9.055140060588537,0.7427690016595555,11.49828277500857,0.9107261746952322,13.243384713880026,1.03020295704389,15.240556932810687,1.1666166602376102,15.046656717380525,1.1533844651162264,14.678246308063219,1.1282368812449026,14.096545661772735,1.088511832860318,11.6534029473527,0.9213597408494173,8.764289737443296,0.722697684990747,6.185416872222149,0.5435412754911861
95,9.8308,5.880261022071838,0.5139540759818964,6.443864314922173,0.552818077001464,9.881844401309223,0.7871796324764068,12.11747079628222,0.9382109376947662,13.244677381982893,1.0141379641887511,13.338611264124616,1.0204600045170613,12.793794747702623,0.9837815258938728,11.87324270271374,0.921743233487505,9.37460143774392,0.7528016528278882,7.5710709006228445,0.6300766029520748,5.636032928503358,0.4970513836596988
96,9.9381,6.103411268915832,0.554585757442413,7.526165922818509,0.6568827445672193,9.3200739646958,0.7847944006918264,11.42327649655193,0.9338556784646812,12.907890048450374,1.0387036843968347,13.650196824399597,1.0910446827093254,13.299663069090242,1.0663341397285246,12.660454456467301,1.02124543931067,10.536632291945912,0.8711058992225905,8.000417474119402,0.6907918468195264,5.587920452284428,0.5172400147417433
97,10.0454,4.54827857330221,0.3995623797892546,5.495132105290774,0.4622749656795985,7.642460651050553,0.6023689059569397,9.53616771502768,0.7245636235124041,10.297032160375636,0.7734460047168426,11.007172309367057,0.8189882329730366,10.956448013010528,0.8157375298400197,9.485443418671151,0.7213011588390147,7.591736354694023,0.5990823580739515,5.579672599218324,0.46783826345892043,4.362289486661599,0.38713860545445417
98,10.1527,4.872530930799702,0.46734690994615996,6.933986324599575,0.6174406805761558,8.41240382924393,0.7237286353173336,11.973099509443712,0.9774947851942725,12.306264017532579,1.0011397839228302,12.764365216154774,1.0336322353234517,12.118858981732592,0.9878410036073542,11.806517255399276,0.9656675113398224,9.266137881221654,0.7847986309379241,7.163036923910672,0.6339625633915468,4.76841702202193,0.45967442649928764
99,10.26,5.13281570274413,0.46311414714385374,6.623596734055844,0.5664352057144264,8.076636473435617,0.6660524652252384,9.133392647529996,0.7380776718731947,10.378855281284086,0.8226490164183528,11.624317915038176,0.9069696548891129,10.378855281284086,0.8226490164183528,9.718382672475098,0.777836988677989,7.79357678394605,0.6467069075120027,5.981994771212827,0.5221448770727173,3.9439650068879524,0.3792973853373544
100,10.3673,4.966754018243584,0.4778244310083291,6.699834143758367,0.6050129830886705,8.179292787490498,0.7123022641937863,10.546426617461908,0.8826299342534608,11.941344767266491,0.9825275418274969,11.708858408965726,0.9658959542887968,12.047020384675928,0.9900852307568928,10.377345629606808,0.8705015754595532,8.961292356320339,0.7687143968896072,6.171456056711177,0.566452853396661,4.501781301642057,0.4432559961666935
101,10.4746,4.0156734615586425,0.4068168153141076,6.446212661975716,0.5865234769542004,8.771076244983352,0.7550077297507161,9.785562172113956,0.8280128018145942,12.406317483868017,1.0157719328322168,11.49750717414685,0.9507705243418486,11.455236927183076,0.9477447505841363,10.419615876570584,0.8735341111036046,8.221563034454274,0.7153560257625837,6.065780439301739,0.5587212903476461,4.3115651903050685,0.42903780095529775
102,10.5819,4.31373289527757,0.43466784827813,6.5898231164039265,0.6046024918449139,7.608644453479534,0.6795677299890385,9.884734674605891,0.8457768305211678,10.816847812781447,0.9135090962635241,11.532190453706871,0.9653968773666672,11.575544553156899,0.9685393295228004,9.494547779555658,0.8173758056164216,8.128893646879844,0.7176884050748102,5.419262431253229,0.5177652246488227,3.901868950502325,0.4033060663978577
103,10.6892,4.560063005789082,0.4927945884644464,6.712002851217635,0.6670731370969795,9.811820961894483,0.9136892917631431,11.195210862527125,1.0229345162651784,13.1678223875033,1.1782170836102508,12.988494067050922,1.164119288170621,12.73231075211895,1.1439737469960858,10.63160756967679,0.9784686466998866,8.556522718727825,0.8142023941788461,6.045926232394511,0.6135317704567418,4.3807346853367015,0.4780535667114119
104,10.7965,4.018796878821976,0.40403312799925245,5.49721438346633,0.513158033340785,6.850695197577358,0.6114268319478081,8.141707666421723,0.7043237440720359,10.16151749671049,0.8486715879962191,9.307783444732763,0.7877731386307109,9.745061861599403,0.8189830526979398,7.683606467799529,0.6714318302722077,6.538353471244044,0.5888447724711643,4.685125894999713,0.45352775679797086,3.2067083903553595,0.3426771898705531
105,10.9038,3.160573511511631,0.3272701042635929,4.16885463174847,0.4006943539042328,6.088466764507068,0.5367483091129034,6.9610177339427945,0.5977026421774382,8.163199069609796,0.6811480564875154,8.958189952873457,0.7360807986830715,8.279539198867893,0.6891977320224653,7.310038121717086,0.6219839853572603,4.944455493469116,0.4560901629432776,4.130074588662438,0.3979041618053074,3.1411834899686153,0.3258362136090648
106,11.0111,4.043241013926322,0.45573418696374896,4.90964980262482,0.5278449809529595,7.613895415835283,0.7483129155891742,9.635515922798444,0.910848116370856,10.711963205726882,0.9969702199622421,10.528179523275686,0.9822822927513349,11.210804629522986,1.0368085542256453,7.666405039392767,0.7525519715940845,6.432428885791877,0.6525924276114473,4.332043943492488,0.47989557264213634,2.7830100485466893,0.34810040972875356
107,11.1184,2.400270304978189,0.28272986729336014,3.6747501129312097,0.3819879755064007,5.586469824860741,0.5248727580637577,6.308675049367452,0.577928661911951,7.39198288612752,0.6569592860565986,7.222052245067117,0.6445980861029373,7.370741555994969,0.6554147778471981,6.77598431228356,0.6120901517935278,5.374056523535237,0.5091956074511609,3.1649581897500014,0.3428766628092407,2.6126836063036922,0.29966475199716075
108,11.2257,2.35085865466985,0.2875646777303732,3.616705622569,0.38949071056621276,4.3400467470828,0.4459052592967863,6.125795148226244,0.5823576164580545,7.0525759640095504,0.65222876019132,7.617686217535956,0.6946290938089644,7.278620065420112,0.6692050389165608,5.696311355546175,0.5498002157199847,4.317442336941744,0.44415541262964675,3.345452700876325,0.36806594504004786,2.396067474951962,0.29131249861050024
109,11.333,2.750112453064892,0.3399850436241158,3.4376405663311145,0.3984031698538746,4.710840776083379,0.5036305607085592,7.0280651578325015,0.6903007239412258,7.766521279488814,0.7490883215499291,7.104457170417637,0.6963935824566514,6.97713714944241,0.6862372251442702,6.569713082321686,0.653680356612608,4.430736729937881,0.48071396168148917,3.539496583111296,0.4069396178782136,2.2153683649689406,0.2932192915011697
110,11.4403,2.7116762203176537,0.34400078868289913,2.924356708185705,0.3626699574099424,4.492875306212583,0.4963858270259153,6.087978965222967,0.6284528537778469,6.991871038662185,0.7023817171425151,6.300659453091019,0.6458934266487657,6.460169818992057,0.6589542480271343,5.742373172437384,0.6000419422826597,4.413120123262064,0.48970532129764754,3.535813110806352,0.4154859524731741,2.4192405494990834,0.31800196179877416
111,11.547600000000001,2.035234113070657,0.28048858115735775,2.9745729344878837,0.3636379745432303,3.940004500944477,0.44567975407245514,5.140270772755378,0.5451833711207549,5.818682143778929,0.6006826107374192,5.923053123936399,0.6091861102526388,6.183980574330073,0.6304096960683082,5.21854900787348,0.5516092578561033,3.6268915604720684,0.41932708136290725,3.157222149763455,0.3793570560013449,1.6177501924407787,0.2415917597978354
112,11.6549,2.220525631641355,0.30102095015892055,2.6753320863148855,0.3418684380522234,3.7187115999776905,0.43244888287679933,5.056377643135133,0.5450606053966086,5.37741749349292,0.5717345108795698,4.976117680545687,0.5383749546198652,6.340537044566278,0.6512112214903149,5.270404210040324,0.5628548911010277,3.5581916747987976,0.41871784462542916,2.56831880286229,0.332354550665606,1.63195257265208,0.2460005792329153
113,11.7622,1.7389658561046755,0.2562466902362308,2.595072123725439,0.33473807333765415,3.6919582791145418,0.43016448692739945,4.494557905009008,0.4980954742071426,5.671704022987557,0.5960983878314249,5.83222394816645,0.6093563259145589,5.912483910755896,0.6159775677253234,5.13663760572458,0.5517391370646831,3.5046850330724997,0.41412716943128447,2.220525631641355,0.30102095015892055,1.3644193640205915,0.2197391224946433
114,11.8695,1.6753451540520654,0.24555197560106637,2.5516795423254535,0.32476145963908626,3.4537884714304115,0.4021884036286089,4.35589740053537,0.47745723886517705,4.716740972177353,0.507176702107987,4.690966431345783,0.5050597466177587,4.9487118396614855,0.5261924670683299,3.8919556655671057,0.43894768577050636,3.092944899788428,0.3715513179690793,1.649570613220495,0.24312321136720305,1.4691488273995033,0.22589289839085555
115,11.9768,1.873052859472673,0.2615679084148448,2.075545060496746,0.27987665725698646,2.328660311776837,0.3023457541621463,3.8979748697134005,0.43548475381890317,4.429516897401592,0.4791727980962139,4.733255198937702,0.5039442714558428,4.227024696377518,0.4625850015274481,3.4423674174092374,0.39760409343061826,3.0120714902330823,0.3613404455596887,1.569314557936564,0.23338538936118305,1.366822356912491,0.21397010275216377
116,12.0841,1.4726408619637807,0.2327058284302863,1.7998943868446209,0.2645485238478062,2.536214817826511,0.3326630405257435,3.7634155361296617,0.4404641753330525,5.017887381506215,0.5470739034745534,5.208785271020039,0.5631083547728595,5.317869779313653,0.5722536426074735,3.7361444090562586,0.4381158318750724,3.2179929946615946,0.39315116336771827,1.9362500222116374,0.2774729374861474,1.2544718453765538,0.21062706810945123
117,12.1914,1.1999295912297472,0.2049699118745923,2.0180634034318476,0.28514833429494335,2.863468342707351,0.36192498199351864,3.136179613441385,0.38598287815993976,4.417922585891342,0.4963915458468541,4.090669061010502,0.46852501921219686,4.826989491992393,0.5309980338194058,3.327077502955208,0.40267719788071005,3.136179613441385,0.38598287815993976,1.908978895138234,0.27490175789691257,1.5544542431839907,0.24079230066836238
118,12.2987,1.7612602901572996,0.2706336257661633,2.2015753626966243,0.3135044690746461,2.524473082558796,0.34403623850104226,3.493166242145311,0.43275530654494127,4.373796387223961,0.5111142524386727,4.227024696377518,0.4981596378419251,4.285733372716096,0.5033458286981887,3.8160639620074828,0.4616767505855251,2.700599111574526,0.360446624006225,2.4657644062202193,0.33853074236245173,1.3209452176179746,0.22559434349101953
119,12.406,1.7371334368674736,0.2663880488601422,1.8818945566064296,0.280610170400962,2.2003690200321335,0.31123525451276135,3.213696858204826,0.4047003244642814,3.908550232951816,0.46668683058773097,3.966454680847398,0.47180115840256553,4.284929144273102,0.49981585024305347,3.590075769526112,0.4384279432727917,2.026655676345386,0.2946330062863742,1.4476111973895613,0.23720210533101388,1.2159934058072315,0.2129163788513982
120,12.513300000000001,1.3884387688831268,0.2385590437927046,1.5427097432034742,0.2548940746883458,2.591752368581836,0.35916144844715203,3.3013988504554344,0.4259324579201465,3.733357578552407,0.46575387045250444,4.257878891241589,0.5135229110230356,4.227024696377518,0.5107278016267885,3.270544655591365,0.42306783095774986,2.4683355891255583,0.3473192022947551,1.6969807175238214,0.27088558413596137,0.8639174561939456,0.17917397234405436
121,12.6206,1.199561062485512,0.2097218392423783,1.3709269285548709,0.22771459477029732,2.2277562589016653,0.3117049743483896,3.141707544604912,0.3955017483446849,3.9414149195952537,0.46640669073627966,3.513000254421857,0.42862689014495575,2.9417807008573273,0.37748324972492125,3.141707544604912,0.3955017483446849,1.6850976830153623,0.2594498301137794,1.5422927946242297,0.24519678798808217,0.9996342187379267,0.18788918350591818
122,12.7279,0.8755979728210573,0.17864262139856302,1.2379143753677018,0.21982341350375553,1.721002912096561,0.27040410018307565,3.472198857738676,0.4369801828628335,3.5325849248297834,0.44248874053827675,3.985480428013089,0.4835196733936329,3.2910406564653534,0.42039317255371983,2.9287242539187095,0.3869036010031246,1.9021611133698835,0.28857654225921725,0.9359840399121648,0.18578970014304994,1.026563140548826,0.1962713069238639
123,12.8352,0.5025134254434813,0.12891848138141757,1.4779806630690626,0.24282555256560856,1.65533834263735,0.2609463825616032,2.246530607864975,0.31890371798940276,3.1628786189677935,0.40428964892288316,3.1628786189677935,0.40428964892288316,2.749044033308456,0.3662083181588886,2.2760902211263563,0.3217269427145822,1.8326960222056374,0.2786785256809275,1.2415037569780125,0.21789197650773637,0.70943071827315,0.15649288083494725
124,12.9425,1.2451700655995792,0.2298265795604144,1.4090082321258395,0.24811251499909207,1.2779376989048312,0.2335270343725273,2.5231077645044104,0.3633533700131038,3.276763330525209,0.4365841461164441,3.2112280639147044,0.43030479562099877,2.686945931030671,0.3794882850433151,2.293734331367646,0.3405067911139025,1.7694521984836127,0.2867957059235506,1.0157966324628147,0.2031847261709134,0.8847260992418063,0.18723817567958123
125,13.0498,0.832091475664866,0.1820627096505841,1.0650770888510284,0.21067002902278492,1.3979136791169748,0.24882682684593846,2.4962744269945976,0.3635260354885516,2.4962744269945976,0.3635260354885516,3.0953802894733013,0.4224565212194223,2.7292600401807605,0.38664221756859546,2.196721495755246,0.33333416284910644,1.3313463610637852,0.2413889774435324,1.098360747877623,0.21460812738770116,0.6989568395584874,0.16465302305345053
126,13.1571,0.7322404985850819,0.1690961339345599,1.2980627020371907,0.2376378154207273,1.564331974249948,0.2670870042288451,2.0635868596488676,0.3197098013143599,2.529558086021192,0.3668461950136191,2.695976381154165,0.38335698492089565,2.5961254040743813,0.37346803415051566,1.8638849054892996,0.2989845605739034,1.830601246462705,0.29549235040218175,0.832091475664866,0.1820627096505841,0.5991058624787033,0.1508861778576527
127,13.2644,0.4972970231032375,0.1405090124589265,1.2077213418221482,0.23485484123475986,1.5629335011816035,0.27576204023640793,1.9536668764770042,0.31854464747295247,2.593048763324024,0.3855017798567952,2.6285699792599693,0.389142672787883,2.379921467708351,0.36350318172640667,2.344400251772405,0.35980912660434655,1.2432425577580937,0.2390609966228672,0.6749031027829652,0.16673650226376743,0.7104243187189107,0.1716867347733553
128,13.3717,0.5712195535645295,0.15713799921058277,1.142439107129059,0.23508260831820882,1.5232521428387455,0.2809110262341612,2.1706343035452123,0.3537059664456518,2.856097767822648,0.42691107434493575,2.51336603568393,0.3906689704126258,2.208715607116181,0.35785547502597265,1.9040651785484317,0.3243009771189975,1.67557735712262,0.2984987414365293,1.142439107129059,0.23508260831820882,0.83778867856131,0.19551832946837736
129,13.479000000000001,0.2895222394779123,0.09463848964941834,0.5790444789558246,0.13806212174970778,0.897518942381528,0.17748962900141993,1.910846780554221,0.2834297278415219,1.679228988971891,0.2606361081159728,1.7081812129196825,0.26351687878501895,1.8818945566064296,0.280610170400962,1.3028500776506051,0.22214085650406754,1.273897853702814,0.21908298030612364,0.6079967029036157,0.14189705580733558,0.5500922550080334,0.13416037826955474
130,13.5863,0.6303457880562967,0.16388440047286193,0.7045041160629197,0.17457422758602112,1.2606915761125934,0.2463473100423979,1.5944040521423974,0.2853392807509328,2.0393540201821363,0.33481291748644787,1.7797998721589552,0.30623557036055904,2.261829004202006,0.35880744853299373,1.9281165281722015,0.32265115495222313,1.5944040521423974,0.2853392807509328,0.9640582640861007,0.20952130963078447,0.48202913204305037,0.1411078077855682
131,13.6936,0.3940446750860399,0.12422327421289843,0.5731558910342398,0.15269477091662884,0.5731558910342398,0.15269477091662884,1.5045342139648796,0.27033134847036977,1.6478231867234396,0.2864261161313545,2.220979077757679,0.3483725051379267,2.4359125368955192,0.37087085260804487,1.5403564571545196,0.27438409921924956,1.1821340252581196,0.23278619296356,0.46568916146531986,0.13608777020282012,0.4298669182756799,0.13024890276172818
132,13.8009,0.3464774341293048,0.11396775799317582,0.6236593814327487,0.15746908703898704,0.7622503550844706,0.17655809148486687,1.281966506278428,0.24059935756812018,1.9749213745370378,0.31685384564722535,1.4898529667560108,0.2642233771039234,1.7323871706465241,0.2909003640907378,1.5937961969948025,0.2757583017974299,1.212671019452567,0.23252994429463805,0.5543638946068877,0.14739901241208445,0.7622503550844706,0.17655809148486687
133,13.9082,0.39940390831913564,0.12062219492149628,0.3328365902659463,0.10931744869160524,1.0650770888510284,0.21067002902278492,1.2980627020371907,0.2376378154207273,1.5310483152233534,0.2634699998362941,1.5976156332765425,0.2706879024675291,1.830601246462705,0.29549235040218175,0.9319424527446498,0.19456918892818856,0.8653751346914605,0.1862780114688898,0.4659712263723249,0.13122082924381168,0.3328365902659463,0.10931744869160524
134,14.0155,0.41629788676445256,0.12101231401552232,0.736527030429416,0.16641928641800538,0.6084353729634306,0.1492929028418083,1.1528249171938687,0.2167603180809446,1.473054060858832,0.2522102922551147,1.2488936602933578,0.22761676523853341,1.4410311464923358,0.24875211297463062,0.9927103453613869,0.19812922351830475,1.0247332597278833,0.20191603133371702,0.48034371549744526,0.13088147637228442,0.41629788676445256,0.12101231401552232
135,14.1228,0.39877591475259616,0.1319182805278332,0.7576742380299326,0.18875905493551537,1.1963277442577884,0.2474036307832182,1.3957157016340864,0.2720943763108171,1.5153484760598652,0.2865161004369965,2.193267531139279,0.3644771194392078,1.4754708845846058,0.28173763720649403,1.4754708845846058,0.28173763720649403,0.9969397868814903,0.22165709618425686,0.47853109770311536,0.14574968136295344,0.4386535062278557,0.13895214672765527
136,14.2301,0.5233459147895976,0.1538733880605949,0.885662317336242,0.2076653495726934,0.8454049392755038,0.20209043397893756,1.006434451518457,0.22397137544693047,1.932354146915437,0.3366798854113129,1.731067256611746,0.3134122174009912,1.5297803663080545,0.2896080661458763,1.3687508540651012,0.27008327752441996,0.9259196953969803,0.21316688525167143,0.724632805093289,0.18485859370912255,0.40257378060738275,0.13322930328229465
137,14.3374,0.5699359141183171,0.1752673761772299,0.14248397852957928,0.0836381303976097,1.4248397852957926,0.3008041913142639,1.0923771687267745,0.255518709021089,2.137259677943689,0.39093849012148907,1.4248397852957926,0.3008041913142639,1.7573024018648111,0.34374462011374834,0.8549038711774757,0.2209418146356553,0.7124198926478963,0.19884380928944811,0.6649252331380366,0.19117557514596434,0.5699359141183171,0.1752673761772299
138,14.444700000000001,0.5764124585969344,0.1773786723693989,0.7685499447959125,0.20887546895376607,0.7205155732461681,0.20126813338764188,1.3929967749425916,0.2982652835499007,1.777271747340548,0.348230370981061,1.6331686326913142,0.32978443245933237,2.1135123481887597,0.3902330792126776,1.1528249171938687,0.2654760878908464,1.2008592887436134,0.2721573095772214,0.9126530594451462,0.23087635977878151,0.2882062292984672,0.12160469112422988
139,14.552,0.3757355285668905,0.1386210079471742,0.6105702339211971,0.18115958183658235,0.751471057133781,0.20388437537070356,1.7377768196218688,0.3393702306094026,1.6908098785510075,0.33343220465202444,1.596875996409285,0.32145584147718836,1.925644583905314,0.36282616401027895,1.2211404678423943,0.27188590248930483,1.0802396446298104,0.25239117227224495,0.9393388214172265,0.2322107715421553,0.2818016464251679,0.11881800681186358
140,14.6593,0.43577574189458956,0.1447335027115672,0.5229308902735075,0.16002250175815452,0.4793533160840485,0.15250546405686943,1.3944823740626866,0.2842804721745225,1.5252150966310636,0.3007448309063568,1.8302581159572762,0.33807202044760903,1.045861780547015,0.2384380106905086,1.2201720773048508,0.2617647760248565,0.8279739095997201,0.2077222312333912,0.3921981677051306,0.136663132515002,0.3921981677051306,0.136663132515002
141,14.7666,0.3745464920840839,0.1477040466657447,0.5350664172629771,0.17959289514207522,1.0701328345259542,0.2678716441983399,0.9631195510733587,0.2515453352100974,1.9262391021467173,0.3873417575553808,1.5516926100626334,0.3369031138203173,1.8727324604204196,0.3802599581867891,0.9631195510733587,0.2515453352100974,0.909612909347061,0.24319476689085417,0.5885730589892748,0.18941385610023626,0.48155977553667934,0.16941690324819655
142,14.8739,0.27567552367679465,0.1161560158244398,0.27567552367679465,0.1161560158244398,1.1027020947071786,0.25274796040002034,0.7351347298047859,0.19912459855618259,1.148648015319978,0.2590693165448427,1.7918909038991653,0.34238993971837733,0.9648643328687814,0.2333468342387915,1.148648015319978,0.2590693165448427,0.6432428885791877,0.1845312801780305,0.4594592061279911,0.15298650741077702,0.413513285515192,0.14442254233033544
143,14.9812,0.40257378060738275,0.13322930328229465,0.48308853672885926,0.14720900948129098,0.5233459147895976,0.1538733880605949,0.885662317336242,0.2076653495726934,0.724632805093289,0.18485859370912255,1.0869492076399334,0.23454149240777672,1.2479787198828867,0.2550945250533257,0.6038606709110741,0.16668138065483987,0.5636032928503358,0.1603571522615274,0.3623164025466445,0.1258416827386382,0.1610295122429531,0.08203403642680403
144,15.0885,0.23225410419656697,0.10668253218038283,0.6038606709110741,0.1790445238685391,0.5574098500717607,0.17119139546565248,0.9290164167862679,0.22942946053184887,1.068368879304208,0.24933832657272248,1.4864262668580286,0.3054922812671885,0.7896639542683278,0.2086455061150382,0.9290164167862679,0.22942946053184887,0.37160656671450715,0.13703619379379445,0.41805738755382055,0.14608107341741616,0.41805738755382055,0.14608107341741616
145,15.1958,0.3287685874960293,0.12900481140308093,0.23483470535430662,0.10789910090955017,0.6105702339211971,0.18115958183658235,0.46966941070861323,0.15655647023620442,0.9863057624880878,0.23902435657698645,0.751471057133781,0.20388437537070356,0.9863057624880878,0.23902435657698645,0.9863057624880878,0.23902435657698645,0.5166363517794745,0.16501675800415705,0.3757355285668905,0.1386210079471742,0.14090082321258396,0.08269383299869862
146,15.3031,0.1674069186684166,0.08534485988419342,0.4185172966710415,0.13874400090509614,0.3348138373368332,0.12297333949106008,0.8788863230091871,0.21078625468180062,0.837034593342083,0.2048615279305658,0.7951828636749787,0.19884750586775898,1.129996701011812,0.24481588366373566,0.6696276746736664,0.18017961173307095,0.7114794043407705,0.18651690008936336,0.3348138373368332,0.12297333949106008,0.25111037800262487,0.10551646632674574
147,15.410400000000001,0.2744821231413973,0.12667491624089106,0.6587570955393536,0.2044486860550568,0.6038606709110741,0.19464191827676658,1.0430320679373097,0.26718441039147045,1.3724106157069866,0.31591393831086706,0.713653520167633,0.21398908824143925,0.8234463694241919,0.23240113281281535,0.7685499447959124,0.22329726895049423,0.3842749723979562,0.15170062165191225,0.3842749723979562,0.15170062165191225,0.3842749723979562,0.15170062165191225
148,15.5177,0.27096312156266145,0.1250019907482449,0.32515574587519375,0.13775524686638935,0.758696740375452,0.22021698514118523,0.8128893646879843,0.22918172554294272,0.8128893646879843,0.22918172554294272,1.5715861050634363,0.3418092166207102,0.8128893646879843,0.22918172554294272,0.7045041160629197,0.21104994994037674,0.7045041160629197,0.21104994994037674,0.4877336188127906,0.17170137071027713,0.379348370187726,0.14967572278344166
149,15.625000000000002,0.29767779551954354,0.137733334063506,0.23814223641563487,0.12237927879380392,0.5953555910390871,0.20108967469974004,1.1907111820781742,0.30142755867221055,1.071640063870357,0.28279942232792665,1.4883889775977177,0.3461408716472712,1.3693178593899005,0.32853005541063257,1.012104504766448,0.27328327833724114,0.5953555910390871,0.20108967469974004,0.6548911501429958,0.21220251699762818,0.35721335462345233,0.15186869108628362
150,15.7323,0.25774540831570236,0.1187294989664819,0.5670398982945452,0.18207563090115264,0.5670398982945452,0.18207563090115264,0.9278834699365285,0.24151842015706823,1.1856288782522308,0.2797515968274616,0.979432551599669,0.24937418517944734,1.1340797965890903,0.2722964733986144,0.9278834699365285,0.24151842015706823,0.5154908166314047,0.17266643419088737,0.20619632665256188,0.10558281284443442,0.41239265330512376,0.1527496609163715
151,15.839599999999999,0.2895222394779123,0.1338390355847132,0.4632355831646596,0.17251942339675091,0.7527578226425718,0.22660599582955773,0.8106622705381544,0.23652341408208533,0.8106622705381544,0.23652341408208533,1.1001845100160668,0.2833486900334777,1.273897853702814,0.30983012203403765,0.3474266873734947,0.14755015357255222,0.8685667184337368,0.24622801309649645,0.5211400310602421,0.18411055022994588,0.05790444789558245,0.05829970468813391
152,15.946900000000001,0.09945940462064749,0.07115100204213363,0.24864851155161874,0.11442282173346152,0.5470267254135612,0.17528241803773942,0.5470267254135612,0.17528241803773942,1.0940534508271225,0.2617035572387431,0.994594046206475,0.24718154587823718,0.4972970231032375,0.1662525055903094,0.6464861300342087,0.19252676372685973,0.4475673207929137,0.1568886688415748,0.24864851155161874,0.11442282173346152,0.14918910693097126,0.08764120901886971
153,16.0542,0.21863920843331994,0.12945485414031435,0.14575947228887998,0.10482947670959064,0.8745568337332797,0.27735272544261436,0.9474365698777197,0.2907325418919093,1.3847149867443596,0.36602854705249493,1.3118352505999196,0.35394505044449376,0.8745568337332797,0.27735272544261436,0.8745568337332797,0.27735272544261436,0.4372784168666399,0.18752466877470048,0.3643986807221999,0.1698431640261607,0.4372784168666399,0.18752466877470048
154,16.161500000000004,0.0,0.0,0.3962835652853924,0.16919575761826466,0.5283780870471898,0.19814178264269622,0.726519869689886,0.23713289235160198,1.3209452176179746,0.3383915152365293,0.5944253479280885,0.21161551662538602,0.9246616523325822,0.27281996156741956,0.4623308261662911,0.18405304996645752,0.6604726088089873,0.22458496776357503,0.4623308261662911,0.18405304996645752,0.1981417826426962,0.11704769157830018
155,16.268800000000002,0.1112374920099347,0.0796850218308368,0.33371247602980414,0.14151319886020375,0.2780937300248368,0.12839316608524312,0.5005687140447062,0.17645952845897614,0.6118062060546409,0.19736510303699153,0.6118062060546409,0.19736510303699153,0.6118062060546409,0.19736510303699153,0.6674249520596083,0.20732246120623163,0.2780937300248368,0.12839316608524312,0.16685623801490207,0.09821743085450516,0.05561874600496735,0.05598346300138792
156,16.3761,0.23483470535430662,0.12063486217243179,0.29354338169288324,0.1357583044733096,0.35225205803145987,0.14967834313380265,0.7632127924014965,0.22999435646933894,0.9980474977558031,0.26912590581331247,0.6457954397243433,0.20906023263150267,0.9393388214172265,0.2596195351379665,0.7632127924014965,0.22999435646933894,0.35225205803145987,0.14967834313380265,0.23483470535430662,0.12063486217243179,0.29354338169288324,0.1357583044733096
157,16.483400000000003,0.07164448637927998,0.07224909192005138,0.2865779455171199,0.1480665775580112,0.35822243189639996,0.1668521306749908,0.35822243189639996,0.1668521306749908,1.0030228093099198,0.298182543964376,0.7880893501720798,0.2588225611018569,0.6448003774135198,0.2307450954828179,0.2865779455171199,0.1480665775580112,0.7164448637927999,0.2450085911914691,0.07164448637927998,0.07224909192005138,0.21493345913783996,0.12720765298575126
158,16.590700000000002,0.09393388214172263,0.09497185710092014,0.6575371749920585,0.2671570912808615,0.6575371749920585,0.2671570912808615,0.9393388214172265,0.32839562244403636,0.5636032928503358,0.24494959615533612,0.8454049392755038,0.30869823697831905,0.751471057133781,0.28833604880521607,0.751471057133781,0.28833604880521607,0.2818016464251679,0.16803403668747627,0.2818016464251679,0.16803403668747627,0.2818016464251679,0.16803403668747627
159,16.698,0.0,0.0,0.07164448637927998,0.07224909192005138,0.35822243189639996,0.1668521306749908,0.35822243189639996,0.1668521306749908,0.5015114046549599,0.20048309375404869,0.4298669182756799,0.18419976476985042,0.4298669182756799,0.18419976476985042,0.07164448637927998,0.07224909192005138,0.07164448637927998,0.07224909192005138,0.14328897275855995,0.10302359087115179,0.14328897275855995,0.10302359087115179
160,16.805300000000003,0.09189184122559824,0.09288529540806911,0.18378368245119647,0.1327497323707884,0.27567552367679465,0.16426941293014663,0.4594592061279911,0.21635559364041287,0.09189184122559824,0.09288529540806911,0.6432428885791877,0.2609666391098402,0.5513510473535893,0.23931798343349958,0.7351347298047859,0.28160470788025144,0.4594592061279911,0.21635559364041287,0.0,0.0,0.18378368245119647,0.1327497323707884
161,16.9126,0.16257787293759687,0.11714982589374943,0.08128893646879844,0.08206683875261751,0.2438668094063953,0.14480106025945744,0.7316004282191859,0.26412891172731734,0.4877336188127906,0.2102903731883179,0.2438668094063953,0.14480106025945744,0.40644468234399217,0.1903058767527586,0.2438668094063953,0.14480106025945744,0.4877336188127906,0.2102903731883179,0.0,0.0,0.16257787293759687,0.11714982589374943
162,17.019900000000003,0.0,0.0,0.2536214817826511,0.15075729654306982,0.16908098785510076,0.12192603428353398,0.5072429635653022,0.21915400786391126,0.5917834574928527,0.23881754333767688,0.16908098785510076,0.12192603428353398,0.676323951420403,0.25753648800395573,0.676323951420403,0.25753648800395573,0.08454049392755038,0.08538171359128643,0.16908098785510076,0.12192603428353398,0.08454049392755038,0.08538171359128643
163,17.127200000000002,0.10064344515184569,0.10183453329946114,0.30193033545553705,0.18043788748119424,0.40257378060738275,0.21065402472469907,0.6038606709110741,0.26354640320541095,0.5032172257592284,0.2380645779349064,0.30193033545553705,0.18043788748119424,0.6038606709110741,0.26354640320541095,0.30193033545553705,0.18043788748119424,0.30193033545553705,0.18043788748119424,0.10064344515184569,0.10183453329946114,0.20128689030369137,0.14568075571334432
164,17.2345,0.09606874309948907,0.0971543000770381,0.19213748619897814,0.13891517301002584,0.09606874309948907,0.0971543000770381,0.38427497239795627,0.20068105931243013,0.19213748619897814,0.13891517301002584,0.7685499447959125,0.2953945210414564,0.38427497239795627,0.20068105931243013,0.19213748619897814,0.13891517301002584,0.19213748619897814,0.13891517301002584,0.2882062292984672,0.17197500343607705,0.09606874309948907,0.0971543000770381
165,17.341800000000003,0.07685499447959127,0.07755052896855504,0.07685499447959127,0.07755052896855504,0.5379849613571388,0.21589153575486902,0.15370998895918253,0.1106479002073459,0.07685499447959127,0.07755052896855504,0.15370998895918253,0.1106479002073459,0.38427497239795627,0.1794945961677044,0.15370998895918253,0.1106479002073459,0.15370998895918253,0.1106479002073459,0.0,0.0,0.07685499447959127,0.07755052896855504
166,17.4491,0.0,0.0,0.08806301450786497,0.08897560898059008,0.35225205803145987,0.18331778311151525,0.0,0.0,0.17612602901572993,0.12710801282941442,0.4403150725393249,0.20691685371767773,0.35225205803145987,0.18331778311151525,0.08806301450786497,0.08897560898059008,0.17612602901572993,0.12710801282941442,0.0,0.0,0.0,0.0
167,17.556400000000004,0.08128893646879844,0.08206683875261751,0.08128893646879844,0.08206683875261751,0.16257787293759687,0.11714982589374943,0.32515574587519375,0.16871503210689262,0.32515574587519375,0.16871503210689262,0.16257787293759687,0.11714982589374943,0.16257787293759687,0.11714982589374943,0.08128893646879844,0.08206683875261751,0.40644468234399217,0.1903058767527586,0.0,0.0,0.08128893646879844,0.08206683875261751
168,17.663700000000002,0.0,0.0,0.07548258386388426,0.0761535533602286,0.15096516772776852,0.10863799438511416,0.2264477515916528,0.13419594034058083,0.30193033545553705,0.15626379436391236,0.0,0.0,0.2264477515916528,0.13419594034058083,0.3774129193194213,0.17615811902765985,0.07548258386388426,0.0761535533602286,0.0,0.0,0.15096516772776852,0.10863799438511416
169,17.771,0.20128689030369137,0.14568075571334432,0.0,0.0,0.0,0.0,0.0,0.0,0.7045041160629197,0.2876126010074419,0.0,0.0,0.40257378060738275,0.21065402472469907,0.10064344515184569,0.10183453329946114,0.0,0.0,0.20128689030369137,0.14568075571334432,0.0,0.0
170,17.878300000000003,0.0,0.0,0.0,0.0,0.4372784168666399,0.26519992986070384,0.4372784168666399,0.26519992986070384,0.8745568337332797,0.3922359858820866,0.29151894457775995,0.21312462545137129,0.7287973614443998,0.35290860590480766,0.4372784168666399,0.26519992986070384,0.4372784168666399,0.26519992986070384,0.14575947228887998,0.14825126769917757,0.0,0.0
171,17.9856,0.2641890435235949,0.19255920049140918,0.0,0.0,0.3962835652853924,0.23927893511974083,0.0,0.0,0.2641890435235949,0.19255920049140918,0.13209452176179745,0.1341426209793579,0.13209452176179745,0.1341426209793579,0.13209452176179745,0.1341426209793579,0.0,0.0,0.0,0.0,0.13209452176179745,0.1341426209793579
172,18.092900000000004,0.08454049392755038,0.08538171359128643,0.0,0.0,0.0,0.0,0.16908098785510076,0.12192603428353398,0.08454049392755038,0.08538171359128643,0.4227024696377519,0.1982650325305196,0.08454049392755038,0.08538171359128643,0.16908098785510076,0.12192603428353398,0.08454049392755038,0.08538171359128643,0.16908098785510076,0.12192603428353398,0.0,0.0
173,18.200200000000002,0.0,0.0,0.0,0.0,0.0,0.0,0.0,0.0,0.4335409945002583,0.22761563894250206,0.32515574587519375,0.19481533840650161,0.0,0.0,0.10838524862506457,0.10976600809375374,0.10838524862506457,0.10976600809375374,0.0,0.0,0.0,0.0
174,18.3075,0.1112374920099347,0.11269163859116554,0.0,0.0,0.0,0.0,0.0,0.0,0.1112374920099347,0.11269163859116554,0.0,0.0,0.1112374920099347,0.11269163859116554,0.1112374920099347,0.11269163859116554,0.1112374920099347,0.11269163859116554,0.1112374920099347,0.11269163859116554,0.1112374920099347,0.11269163859116554
175,18.414800000000003,0.0,0.0,0.17612602901572993,0.1797578756296512,0.35225205803145987,0.25925049510047443,0.0,0.0,0.35225205803145987,0.25925049510047443,0.17612602901572993,0.1797578756296512,0.17612602901572993,0.1797578756296512,0.0,0.0,0.17612602901572993,0.1797578756296512,0.17612602901572993,0.1797578756296512,0.35225205803145987,0.25925049510047443
176,18.522100000000002,0.0,0.0,0.0,0.0,0.25618331493197083,0.18655757823247132,0.3842749723979562,0.23172652723058157,0.0,0.0,0.12809165746598541,0.13001795589526405,0.25618331493197083,0.18655757823247132,0.12809165746598541,0.13001795589526405,0.0,0.0,0.0,0.0,0.0,0.0
177,18.629400000000004,0.0,0.0,0.0,0.0,0.15096516772776852,0.15363732504844058,0.0,0.0,0.30193033545553705,0.2209903772973253,0.30193033545553705,0.2209903772973253,0.0,0.0,0.0,0.0,0.0,0.0,0.0,0.0,0.0,0.0
178,18.736700000000003,0.0,0.0,0.0,0.0,0.0,0.0,0.25618331493197083,0.18655757823247132,0.0,0.0,0.0,0.0,0.12809165746598541,0.13001795589526405,0.0,0.0,0.0,0.0,0.0,0.0,0.0,0.0
179,18.844,0.0,0.0,0.0,0.0,0.0,0.0,0.0,0.0,0.23483470535430662,0.24126972434486357,0.0,0.0,0.23483470535430662,0.24126972434486357,0.46966941070861323,0.3500709097655757,0.0,0.0,0.0,0.0,0.0,0.0
180,18.951300000000003,0.19213748619897814,0.1964557216901834,0.0,0.0,0.19213748619897814,0.1964557216901834,0.0,0.0,0.0,0.0,0.0,0.0,0.0,0.0,0.19213748619897814,0.1964557216901834,0.0,0.0,0.19213748619897814,0.1964557216901834,0.0,0.0
181,19.058600000000002,0.0,0.0,0.0,0.0,0.0,0.0,0.2224749840198694,0.22825451748487657,0.0,0.0,0.2224749840198694,0.22825451748487657,0.2224749840198694,0.22825451748487657,0.2224749840198694,0.22825451748487657,0.4449499680397388,0.3307722206893032,0.0,0.0,0.0,0.0
182,19.1659,0.0,0.0,0.0,0.0,0.0,0.0,0.0,0.0,0.5636032928503358,0.4242651458345204,0.0,0.0,0.2818016464251679,0.2910434889436016,0.2818016464251679,0.2910434889436016,0.0,0.0,0.0,0.0,0.0,0.0
183,19.273200000000003,0.0,0.0,0.0,0.0,0.0,0.0,0.24864851155161874,0.2558572075733603,0.0,0.0,0.0,0.0,0.0,0.0,0.0,0.0,0.4972970231032375,0.3717519039295957,0.0,0.0,0.0,0.0
184,19.3805,0.0,0.0,0.0,0.0,0.0,0.0,0.0,0.0,0.0,0.0,0.24864851155161874,0.2558572075733603,0.0,0.0,0.0,0.0,0.0,0.0,0.0,0.0,0.0,0.0
185,19.487800000000004,0.0,0.0,0.0,0.0,1.0567561740943796,1.1814893204588175,0.0,0.0,3.170268522283139,2.421332579449713,1.0567561740943796,1.1814893204588175,1.0567561740943796,1.1814893204588175,0.0,0.0,0.0,0.0,0.0,0.0,0.0,0.0
186,19.595100000000002,0.0,0.0,0.0,0.0,0.0,0.0,0.0,0.0,0.8454049392755038,0.9260947109349571,0.8454049392755038,0.9260947109349571,0.8454049392755038,0.9260947109349571,0.0,0.0,0.0,0.0,0.0,0.0,0.0,0.0
187,19.7024,0.0,0.0,0.0,0.0,0.0,0.0,0.7045041160629197,0.7609514161941363,0.0,0.0,0.0,0.0,0.0,0.0,0.7045041160629197,0.7609514161941363,0.0,0.0,0.0,0.0,0.0,0.0
188,19.809700000000003,0.0,0.0,1.4090082321258395,1.6269825642165041,0.0,0.0,0.0,0.0,0.0,0.0,2.818016464251679,2.572485308152659,0.0,0.0,1.4090082321258395,1.6269825642165041,0.0,0.0,0.0,0.0,0.0,0.0
189,19.917,0.8454049392755038,0.9260947109349571,0.0,0.0,0.0,0.0,0.0,0.0,0.0,0.0,0.0,0.0,0.0,0.0,0.8454049392755038,0.9260947109349571,0.0,0.0,0.8454049392755038,0.9260947109349571,0.0,0.0
190,20.024300000000004,0.0,0.0,0.0,0.0,0.0,0.0,0.0,0.0,0.8454049392755038,0.9260947109349571,1.6908098785510075,1.4146330378525631,0.0,0.0,0.0,0.0,0.8454049392755038,0.9260947109349571,0.0,0.0,0.0,0.0
191,20.131600000000002,0.0,0.0,0.0,0.0,0.0,0.0,0.0,0.0,0.0,0.0,0.0,0.0,0.0,0.0,0.0,0.0,0.0,0.0,1.4090082321258395,1.6269825642165041,0.0,0.0
192,20.2389,0.0,0.0,0.0,0.0,0.0,0.0,0.0,0.0,0.0,0.0,2.113512348188759,2.5885134090669775,6.340537044566278,5.788091943343482,2.113512348188759,2.5885134090669775,0.0,0.0,2.113512348188759,2.5885134090669775,0.0,0.0
193,20.346200000000003,0.0,0.0,0.0,0.0,2.113512348188759,2.5885134090669775,0.0,0.0,0.0,0.0,4.227024696377518,4.227024696377519,0.0,0.0,0.0,0.0,0.0,0.0,0.0,0.0,0.0,0.0
194,20.453500000000002,0.0,0.0,0.0,0.0,0.0,0.0,8.454049392755037,10.354053636267908,4.227024696377518,5.977915654103101,0.0,0.0,0.0,0.0,0.0,0.0,0.0,0.0,0.0,0.0,0.0,0.0
195,20.560800000000004,0.0,0.0,0.0,0.0,0.0,0.0,0.0,0.0,0.0,0.0,0.0,0.0,0.0,0.0,0.0,0.0,0.0,0.0,0.0,0.0,0.0,0.0
196,20.668100000000003,0.0,0.0,0.0,0.0,0.0,0.0,0.0,0.0,0.0,0.0,0.0,0.0,0.0,0.0,0.0,0.0,0.0,0.0,0.0,0.0,0.0,0.0
197,20.7754,0.0,0.0,0.0,0.0,0.0,0.0,0.0,0.0,0.0,0.0,0.0,0.0,0.0,0.0,0.0,0.0,0.0,0.0,0.0,0.0,0.0,0.0
198,20.882700000000003,0.0,0.0,0.0,0.0,0.0,0.0,0.0,0.0,0.0,0.0,0.0,0.0,0.0,0.0,0.0,0.0,0.0,0.0,0.0,0.0,0.0,0.0
199,20.990000000000002,0.0,0.0,0.0,0.0,0.0,0.0,0.0,0.0,0.0,0.0,0.0,0.0,0.0,0.0,0.0,0.0,0.0,0.0,0.0,0.0,0.0,0.0
200,21.097300000000004,0.0,0.0,0.0,0.0,0.0,0.0,0.0,0.0,0.0,0.0,0.0,0.0,0.0,0.0,0.0,0.0,0.0,0.0,0.0,0.0,0.0,0.0
201,21.204600000000003,0.0,0.0,0.0,0.0,0.0,0.0,0.0,0.0,0.0,0.0,0.0,0.0,0.0,0.0,0.0,0.0,0.0,0.0,0.0,0.0,0.0,0.0
202,21.3119,0.0,0.0,0.0,0.0,0.0,0.0,0.0,0.0,0.0,0.0,0.0,0.0,0.0,0.0,0.0,0.0,0.0,0.0,0.0,0.0,0.0,0.0
203,21.419200000000004,0.0,0.0,0.0,0.0,0.0,0.0,0.0,0.0,0.0,0.0,0.0,0.0,0.0,0.0,0.0,0.0,0.0,0.0,0.0,0.0,0.0,0.0
204,21.526500000000002,0.0,0.0,0.0,0.0,0.0,0.0,0.0,0.0,0.0,0.0,0.0,0.0,0.0,0.0,0.0,0.0,0.0,0.0,0.0,0.0,0.0,0.0
205,21.6338,0.0,0.0,0.0,0.0,0.0,0.0,0.0,0.0,0.0,0.0,4.227024696377518,5.977915654103101,0.0,0.0,0.0,0.0,0.0,0.0,0.0,0.0,0.0,0.0
206,21.741100000000003,0.0,0.0,0.0,0.0,0.0,0.0,0.0,0.0,0.0,0.0,0.0,0.0,0.0,0.0,0.0,0.0,0.0,0.0,0.0,0.0,0.0,0.0
207,21.8484,0.0,0.0,0.0,0.0,0.0,0.0,0.0,0.0,0.0,0.0,0.0,0.0,0.0,0.0,0.0,0.0,0.0,0.0,0.0,0.0,0.0,0.0
208,21.955700000000004,0.0,0.0,0.0,0.0,0.0,0.0,0.0,0.0,0.0,0.0,0.0,0.0,0.0,0.0,0.0,0.0,0.0,0.0,0.0,0.0,0.0,0.0
209,22.063000000000002,0.0,0.0,0.0,0.0,0.0,0.0,0.0,0.0,0.0,0.0,0.0,0.0,0.0,0.0,0.0,0.0,0.0,0.0,0.0,0.0,0.0,0.0
210,22.1703,0.0,0.0,0.0,0.0,0.0,0.0,0.0,0.0,0.0,0.0,0.0,0.0,0.0,0.0,0.0,0.0,0.0,0.0,0.0,0.0,0.0,0.0
211,22.277600000000003,0.0,0.0,0.0,0.0,0.0,0.0,0.0,0.0,0.0,0.0,0.0,0.0,0.0,0.0,0.0,0.0,0.0,0.0,0.0,0.0,0.0,0.0
212,22.384900000000002,0.0,0.0,0.0,0.0,0.0,0.0,0.0,0.0,0.0,0.0,0.0,0.0,0.0,0.0,0.0,0.0,0.0,0.0,0.0,0.0,0.0,0.0
213,22.492200000000004,0.0,0.0,0.0,0.0,0.0,0.0,0.0,0.0,0.0,0.0,0.0,0.0,0.0,0.0,0.0,0.0,0.0,0.0,0.0,0.0,0.0,0.0
214,22.599500000000003,0.0,0.0,0.0,0.0,0.0,0.0,0.0,0.0,0.0,0.0,0.0,0.0,0.0,0.0,0.0,0.0,0.0,0.0,0.0,0.0,0.0,0.0
215,22.7068,0.0,0.0,0.0,0.0,0.0,0.0,0.0,0.0,0.0,0.0,0.0,0.0,0.0,0.0,0.0,0.0,0.0,0.0,0.0,0.0,0.0,0.0
216,22.814100000000003,0.0,0.0,0.0,0.0,0.0,0.0,0.0,0.0,0.0,0.0,0.0,0.0,0.0,0.0,0.0,0.0,0.0,0.0,0.0,0.0,0.0,0.0
217,22.921400000000002,0.0,0.0,0.0,0.0,0.0,0.0,0.0,0.0,0.0,0.0,0.0,0.0,0.0,0.0,0.0,0.0,0.0,0.0,0.0,0.0,0.0,0.0
218,23.028700000000004,0.0,0.0,0.0,0.0,0.0,0.0,0.0,0.0,0.0,0.0,0.0,0.0,0.0,0.0,0.0,0.0,0.0,0.0,0.0,0.0,0.0,0.0
219,23.136000000000003,0.0,0.0,0.0,0.0,0.0,0.0,0.0,0.0,0.0,0.0,0.0,0.0,0.0,0.0,0.0,0.0,0.0,0.0,0.0,0.0,0.0,0.0
220,23.2433,0.0,0.0,0.0,0.0,0.0,0.0,0.0,0.0,0.0,0.0,0.0,0.0,0.0,0.0,0.0,0.0,0.0,0.0,0.0,0.0,0.0,0.0
221,23.350600000000004,0.0,0.0,0.0,0.0,0.0,0.0,0.0,0.0,0.0,0.0,0.0,0.0,0.0,0.0,0.0,0.0,0.0,0.0,0.0,0.0,0.0,0.0
222,23.457900000000002,0.0,0.0,0.0,0.0,0.0,0.0,0.0,0.0,0.0,0.0,0.0,0.0,0.0,0.0,0.0,0.0,0.0,0.0,0.0,0.0,0.0,0.0
223,23.565200000000004,0.0,0.0,0.0,0.0,0.0,0.0,0.0,0.0,0.0,0.0,0.0,0.0,0.0,0.0,0.0,0.0,0.0,0.0,0.0,0.0,0.0,0.0
224,23.672500000000003,0.0,0.0,0.0,0.0,0.0,0.0,0.0,0.0,0.0,0.0,0.0,0.0,0.0,0.0,0.0,0.0,0.0,0.0,0.0,0.0,0.0,0.0
225,23.7798,0.0,0.0,0.0,0.0,0.0,0.0,0.0,0.0,0.0,0.0,0.0,0.0,0.0,0.0,0.0,0.0,0.0,0.0,0.0,0.0,0.0,0.0
226,23.887100000000004,0.0,0.0,0.0,0.0,0.0,0.0,0.0,0.0,0.0,0.0,0.0,0.0,0.0,0.0,0.0,0.0,0.0,0.0,0.0,0.0,0.0,0.0
227,23.994400000000002,0.0,0.0,0.0,0.0,0.0,0.0,0.0,0.0,0.0,0.0,0.0,0.0,0.0,0.0,0.0,0.0,0.0,0.0,0.0,0.0,0.0,0.0
228,24.1017,0.0,0.0,0.0,0.0,0.0,0.0,0.0,0.0,0.0,0.0,0.0,0.0,0.0,0.0,0.0,0.0,0.0,0.0,0.0,0.0,0.0,0.0
229,24.209000000000003,0.0,0.0,0.0,0.0,0.0,0.0,0.0,0.0,0.0,0.0,0.0,0.0,0.0,0.0,0.0,0.0,0.0,0.0,0.0,0.0,0.0,0.0
230,24.316300000000002,0.0,0.0,0.0,0.0,0.0,0.0,0.0,0.0,0.0,0.0,0.0,0.0,0.0,0.0,0.0,0.0,0.0,0.0,0.0,0.0,0.0,0.0
231,24.423600000000004,0.0,0.0,0.0,0.0,0.0,0.0,0.0,0.0,0.0,0.0,0.0,0.0,0.0,0.0,0.0,0.0,0.0,0.0,0.0,0.0,0.0,0.0
232,24.530900000000003,0.0,0.0,0.0,0.0,0.0,0.0,0.0,0.0,0.0,0.0,0.0,0.0,0.0,0.0,0.0,0.0,0.0,0.0,0.0,0.0,0.0,0.0
233,24.6382,0.0,0.0,0.0,0.0,0.0,0.0,0.0,0.0,0.0,0.0,0.0,0.0,0.0,0.0,0.0,0.0,0.0,0.0,0.0,0.0,0.0,0.0
234,24.745500000000003,0.0,0.0,0.0,0.0,0.0,0.0,0.0,0.0,0.0,0.0,0.0,0.0,0.0,0.0,0.0,0.0,0.0,0.0,0.0,0.0,0.0,0.0
235,24.852800000000002,0.0,0.0,0.0,0.0,0.0,0.0,0.0,0.0,0.0,0.0,0.0,0.0,0.0,0.0,0.0,0.0,0.0,0.0,0.0,0.0,0.0,0.0
236,24.960100000000004,0.0,0.0,0.0,0.0,0.0,0.0,0.0,0.0,0.0,0.0,0.0,0.0,0.0,0.0,0.0,0.0,0.0,0.0,0.0,0.0,0.0,0.0
237,25.067400000000003,0.0,0.0,0.0,0.0,0.0,0.0,0.0,0.0,0.0,0.0,0.0,0.0,0.0,0.0,0.0,0.0,0.0,0.0,0.0,0.0,0.0,0.0
238,25.1747,0.0,0.0,0.0,0.0,0.0,0.0,0.0,0.0,0.0,0.0,0.0,0.0,0.0,0.0,0.0,0.0,0.0,0.0,0.0,0.0,0.0,0.0
239,25.282000000000004,0.0,0.0,0.0,0.0,0.0,0.0,0.0,0.0,0.0,0.0,0.0,0.0,0.0,0.0,0.0,0.0,0.0,0.0,0.0,0.0,0.0,0.0
240,25.389300000000002,0.0,0.0,0.0,0.0,0.0,0.0,0.0,0.0,0.0,0.0,0.0,0.0,0.0,0.0,0.0,0.0,0.0,0.0,0.0,0.0,0.0,0.0
241,25.496600000000004,0.0,0.0,0.0,0.0,0.0,0.0,0.0,0.0,0.0,0.0,0.0,0.0,0.0,0.0,0.0,0.0,0.0,0.0,0.0,0.0,0.0,0.0
242,25.603900000000003,0.0,0.0,0.0,0.0,0.0,0.0,0.0,0.0,0.0,0.0,0.0,0.0,0.0,0.0,0.0,0.0,0.0,0.0,0.0,0.0,0.0,0.0
243,25.7112,0.0,0.0,0.0,0.0,0.0,0.0,0.0,0.0,0.0,0.0,0.0,0.0,0.0,0.0,0.0,0.0,0.0,0.0,0.0,0.0,0.0,0.0
244,25.818500000000004,0.0,0.0,0.0,0.0,0.0,0.0,0.0,0.0,0.0,0.0,0.0,0.0,0.0,0.0,0.0,0.0,0.0,0.0,0.0,0.0,0.0,0.0
245,25.925800000000002,0.0,0.0,0.0,0.0,0.0,0.0,0.0,0.0,0.0,0.0,0.0,0.0,0.0,0.0,0.0,0.0,0.0,0.0,0.0,0.0,0.0,0.0
246,26.0331,0.0,0.0,0.0,0.0,0.0,0.0,0.0,0.0,0.0,0.0,0.0,0.0,0.0,0.0,0.0,0.0,0.0,0.0,0.0,0.0,0.0,0.0
247,26.140400000000003,0.0,0.0,0.0,0.0,0.0,0.0,0.0,0.0,0.0,0.0,0.0,0.0,0.0,0.0,0.0,0.0,0.0,0.0,0.0,0.0,0.0,0.0
248,26.247700000000002,0.0,0.0,0.0,0.0,0.0,0.0,0.0,0.0,0.0,0.0,0.0,0.0,0.0,0.0,0.0,0.0,0.0,0.0,0.0,0.0,0.0,0.0
249,26.355000000000004,0.0,0.0,0.0,0.0,0.0,0.0,0.0,0.0,0.0,0.0,0.0,0.0,0.0,0.0,0.0,0.0,0.0,0.0,0.0,0.0,0.0,0.0
250,26.462300000000003,0.0,0.0,0.0,0.0,0.0,0.0,0.0,0.0,0.0,0.0,0.0,0.0,0.0,0.0,0.0,0.0,0.0,0.0,0.0,0.0,0.0,0.0
251,26.5696,0.0,0.0,0.0,0.0,0.0,0.0,0.0,0.0,0.0,0.0,0.0,0.0,0.0,0.0,0.0,0.0,0.0,0.0,0.0,0.0,0.0,0.0
252,26.676900000000003,0.0,0.0,0.0,0.0,0.0,0.0,0.0,0.0,0.0,0.0,0.0,0.0,0.0,0.0,0.0,0.0,0.0,0.0,0.0,0.0,0.0,0.0
253,26.784200000000002,0.0,0.0,0.0,0.0,0.0,0.0,0.0,0.0,0.0,0.0,0.0,0.0,0.0,0.0,0.0,0.0,0.0,0.0,0.0,0.0,0.0,0.0
254,26.891500000000004,0.0,0.0,0.0,0.0,0.0,0.0,0.0,0.0,0.0,0.0,0.0,0.0,0.0,0.0,0.0,0.0,0.0,0.0,0.0,0.0,0.0,0.0
255,26.998800000000003,0.0,0.0,0.0,0.0,0.0,0.0,0.0,0.0,0.0,0.0,0.0,0.0,0.0,0.0,0.0,0.0,0.0,0.0,0.0,0.0,0.0,0.0
256,27.1061,0.0,0.0,0.0,0.0,0.0,0.0,0.0,0.0,0.0,0.0,0.0,0.0,0.0,0.0,0.0,0.0,0.0,0.0,0.0,0.0,0.0,0.0
257,27.213400000000004,0.0,0.0,0.0,0.0,0.0,0.0,0.0,0.0,0.0,0.0,0.0,0.0,0.0,0.0,0.0,0.0,0.0,0.0,0.0,0.0,0.0,0.0
258,27.320700000000002,0.0,0.0,0.0,0.0,0.0,0.0,0.0,0.0,0.0,0.0,0.0,0.0,0.0,0.0,0.0,0.0,0.0,0.0,0.0,0.0,0.0,0.0
259,27.428000000000004,0.0,0.0,0.0,0.0,0.0,0.0,0.0,0.0,0.0,0.0,0.0,0.0,0.0,0.0,0.0,0.0,0.0,0.0,0.0,0.0,0.0,0.0
260,27.535300000000003,0.0,0.0,0.0,0.0,0.0,0.0,0.0,0.0,0.0,0.0,0.0,0.0,0.0,0.0,0.0,0.0,0.0,0.0,0.0,0.0,0.0,0.0
261,27.6426,0.0,0.0,0.0,0.0,0.0,0.0,0.0,0.0,0.0,0.0,0.0,0.0,0.0,0.0,0.0,0.0,0.0,0.0,0.0,0.0,0.0,0.0
262,27.749900000000004,0.0,0.0,0.0,0.0,0.0,0.0,0.0,0.0,0.0,0.0,0.0,0.0,0.0,0.0,0.0,0.0,0.0,0.0,0.0,0.0,0.0,0.0
263,27.857200000000002,0.0,0.0,0.0,0.0,0.0,0.0,0.0,0.0,0.0,0.0,0.0,0.0,0.0,0.0,0.0,0.0,0.0,0.0,0.0,0.0,0.0,0.0
264,27.964500000000005,0.0,0.0,0.0,0.0,0.0,0.0,0.0,0.0,0.0,0.0,0.0,0.0,0.0,0.0,0.0,0.0,0.0,0.0,0.0,0.0,0.0,0.0
265,28.071800000000003,0.0,0.0,0.0,0.0,0.0,0.0,0.0,0.0,0.0,0.0,0.0,0.0,0.0,0.0,0.0,0.0,0.0,0.0,0.0,0.0,0.0,0.0
266,28.179100000000002,0.0,0.0,0.0,0.0,0.0,0.0,0.0,0.0,0.0,0.0,0.0,0.0,0.0,0.0,0.0,0.0,0.0,0.0,0.0,0.0,0.0,0.0
267,28.286400000000004,0.0,0.0,0.0,0.0,0.0,0.0,0.0,0.0,0.0,0.0,0.0,0.0,0.0,0.0,0.0,0.0,0.0,0.0,0.0,0.0,0.0,0.0
268,28.393700000000003,0.0,0.0,0.0,0.0,0.0,0.0,0.0,0.0,0.0,0.0,0.0,0.0,0.0,0.0,0.0,0.0,0.0,0.0,0.0,0.0,0.0,0.0
269,28.501,0.0,0.0,0.0,0.0,0.0,0.0,0.0,0.0,0.0,0.0,0.0,0.0,0.0,0.0,0.0,0.0,0.0,0.0,0.0,0.0,0.0,0.0
270,28.608300000000003,0.0,0.0,0.0,0.0,0.0,0.0,0.0,0.0,0.0,0.0,0.0,0.0,0.0,0.0,0.0,0.0,0.0,0.0,0.0,0.0,0.0,0.0
271,28.715600000000002,0.0,0.0,0.0,0.0,0.0,0.0,0.0,0.0,0.0,0.0,0.0,0.0,0.0,0.0,0.0,0.0,0.0,0.0,0.0,0.0,0.0,0.0
272,28.822900000000004,0.0,0.0,0.0,0.0,0.0,0.0,0.0,0.0,0.0,0.0,0.0,0.0,0.0,0.0,0.0,0.0,0.0,0.0,0.0,0.0,0.0,0.0
273,28.930200000000003,0.0,0.0,0.0,0.0,0.0,0.0,0.0,0.0,0.0,0.0,0.0,0.0,0.0,0.0,0.0,0.0,0.0,0.0,0.0,0.0,0.0,0.0
274,29.0375,0.0,0.0,0.0,0.0,0.0,0.0,0.0,0.0,0.0,0.0,0.0,0.0,0.0,0.0,0.0,0.0,0.0,0.0,0.0,0.0,0.0,0.0
275,29.144800000000004,0.0,0.0,0.0,0.0,0.0,0.0,0.0,0.0,0.0,0.0,0.0,0.0,0.0,0.0,0.0,0.0,0.0,0.0,0.0,0.0,0.0,0.0
276,29.252100000000002,0.0,0.0,0.0,0.0,0.0,0.0,0.0,0.0,0.0,0.0,0.0,0.0,0.0,0.0,0.0,0.0,0.0,0.0,0.0,0.0,0.0,0.0
277,29.359400000000004,0.0,0.0,0.0,0.0,0.0,0.0,0.0,0.0,0.0,0.0,0.0,0.0,0.0,0.0,0.0,0.0,0.0,0.0,0.0,0.0,0.0,0.0
278,29.466700000000003,0.0,0.0,0.0,0.0,0.0,0.0,0.0,0.0,0.0,0.0,0.0,0.0,0.0,0.0,0.0,0.0,0.0,0.0,0.0,0.0,0.0,0.0
279,29.574,0.0,0.0,0.0,0.0,0.0,0.0,0.0,0.0,0.0,0.0,0.0,0.0,0.0,0.0,0.0,0.0,0.0,0.0,0.0,0.0,0.0,0.0
280,29.681300000000004,0.0,0.0,0.0,0.0,0.0,0.0,0.0,0.0,0.0,0.0,0.0,0.0,0.0,0.0,0.0,0.0,0.0,0.0,0.0,0.0,0.0,0.0
281,29.788600000000002,0.0,0.0,0.0,0.0,0.0,0.0,0.0,0.0,0.0,0.0,0.0,0.0,0.0,0.0,0.0,0.0,0.0,0.0,0.0,0.0,0.0,0.0
282,29.895900000000005,0.0,0.0,0.0,0.0,0.0,0.0,0.0,0.0,0.0,0.0,0.0,0.0,0.0,0.0,0.0,0.0,0.0,0.0,0.0,0.0,0.0,0.0
283,30.003200000000003,0.0,0.0,0.0,0.0,0.0,0.0,0.0,0.0,0.0,0.0,0.0,0.0,0.0,0.0,0.0,0.0,0.0,0.0,0.0,0.0,0.0,0.0
284,30.110500000000002,0.0,0.0,0.0,0.0,0.0,0.0,0.0,0.0,0.0,0.0,0.0,0.0,0.0,0.0,0.0,0.0,0.0,0.0,0.0,0.0,0.0,0.0
285,30.217800000000004,0.0,0.0,0.0,0.0,0.0,0.0,0.0,0.0,0.0,0.0,0.0,0.0,0.0,0.0,0.0,0.0,0.0,0.0,0.0,0.0,0.0,0.0
286,30.325100000000003,0.0,0.0,0.0,0.0,0.0,0.0,0.0,0.0,0.0,0.0,0.0,0.0,0.0,0.0,0.0,0.0,0.0,0.0,0.0,0.0,0.0,0.0
287,30.4324,0.0,0.0,0.0,0.0,0.0,0.0,0.0,0.0,0.0,0.0,0.0,0.0,0.0,0.0,0.0,0.0,0.0,0.0,0.0,0.0,0.0,0.0
288,30.539700000000003,0.0,0.0,0.0,0.0,0.0,0.0,0.0,0.0,0.0,0.0,0.0,0.0,0.0,0.0,0.0,0.0,0.0,0.0,0.0,0.0,0.0,0.0
289,30.647000000000002,0.0,0.0,0.0,0.0,0.0,0.0,0.0,0.0,0.0,0.0,0.0,0.0,0.0,0.0,0.0,0.0,0.0,0.0,0.0,0.0,0.0,0.0
290,30.754300000000004,0.0,0.0,0.0,0.0,0.0,0.0,0.0,0.0,0.0,0.0,0.0,0.0,0.0,0.0,0.0,0.0,0.0,0.0,0.0,0.0,0.0,0.0
291,30.861600000000003,0.0,0.0,0.0,0.0,0.0,0.0,0.0,0.0,0.0,0.0,0.0,0.0,0.0,0.0,0.0,0.0,0.0,0.0,0.0,0.0,0.0,0.0
292,30.9689,0.0,0.0,0.0,0.0,0.0,0.0,0.0,0.0,0.0,0.0,0.0,0.0,0.0,0.0,0.0,0.0,0.0,0.0,0.0,0.0,0.0,0.0
293,31.076200000000004,0.0,0.0,0.0,0.0,0.0,0.0,0.0,0.0,0.0,0.0,0.0,0.0,0.0,0.0,0.0,0.0,0.0,0.0,0.0,0.0,0.0,0.0
294,31.183500000000002,0.0,0.0,0.0,0.0,0.0,0.0,0.0,0.0,0.0,0.0,0.0,0.0,0.0,0.0,0.0,0.0,0.0,0.0,0.0,0.0,0.0,0.0
295,31.290800000000004,0.0,0.0,0.0,0.0,0.0,0.0,0.0,0.0,0.0,0.0,0.0,0.0,0.0,0.0,0.0,0.0,0.0,0.0,0.0,0.0,0.0,0.0
296,31.398100000000003,0.0,0.0,0.0,0.0,0.0,0.0,0.0,0.0,0.0,0.0,0.0,0.0,0.0,0.0,0.0,0.0,0.0,0.0,0.0,0.0,0.0,0.0
297,31.5054,0.0,0.0,0.0,0.0,0.0,0.0,0.0,0.0,0.0,0.0,0.0,0.0,0.0,0.0,0.0,0.0,0.0,0.0,0.0,0.0,0.0,0.0
298,31.612700000000004,0.0,0.0,0.0,0.0,0.0,0.0,0.0,0.0,0.0,0.0,0.0,0.0,0.0,0.0,0.0,0.0,0.0,0.0,0.0,0.0,0.0,0.0
299,31.720000000000006,0.0,0.0,0.0,0.0,0.0,0.0,0.0,0.0,0.0,0.0,0.0,0.0,0.0,0.0,0.0,0.0,0.0,0.0,0.0,0.0,0.0,0.0
300,31.8273,0.0,0.0,0.0,0.0,0.0,0.0,0.0,0.0,0.0,0.0,0.0,0.0,0.0,0.0,0.0,0.0,0.0,0.0,0.0,0.0,0.0,0.0
301,31.934600000000003,0.0,0.0,0.0,0.0,0.0,0.0,0.0,0.0,0.0,0.0,0.0,0.0,0.0,0.0,0.0,0.0,0.0,0.0,0.0,0.0,0.0,0.0
302,32.041900000000005,0.0,0.0,0.0,0.0,0.0,0.0,0.0,0.0,0.0,0.0,0.0,0.0,0.0,0.0,0.0,0.0,0.0,0.0,0.0,0.0,0.0,0.0
303,32.1492,0.0,0.0,0.0,0.0,0.0,0.0,0.0,0.0,0.0,0.0,0.0,0.0,0.0,0.0,0.0,0.0,0.0,0.0,0.0,0.0,0.0,0.0
304,32.2565,0.0,0.0,0.0,0.0,0.0,0.0,0.0,0.0,0.0,0.0,0.0,0.0,0.0,0.0,0.0,0.0,0.0,0.0,0.0,0.0,0.0,0.0
305,32.363800000000005,0.0,0.0,0.0,0.0,0.0,0.0,0.0,0.0,0.0,0.0,0.0,0.0,0.0,0.0,0.0,0.0,0.0,0.0,0.0,0.0,0.0,0.0
306,32.4711,0.0,0.0,0.0,0.0,0.0,0.0,0.0,0.0,0.0,0.0,0.0,0.0,0.0,0.0,0.0,0.0,0.0,0.0,0.0,0.0,0.0,0.0
307,32.5784,0.0,0.0,0.0,0.0,0.0,0.0,0.0,0.0,0.0,0.0,0.0,0.0,0.0,0.0,0.0,0.0,0.0,0.0,0.0,0.0,0.0,0.0
308,32.685700000000004,0.0,0.0,0.0,0.0,0.0,0.0,0.0,0.0,0.0,0.0,0.0,0.0,0.0,0.0,0.0,0.0,0.0,0.0,0.0,0.0,0.0,0.0
309,32.793000000000006,0.0,0.0,0.0,0.0,0.0,0.0,0.0,0.0,0.0,0.0,0.0,0.0,0.0,0.0,0.0,0.0,0.0,0.0,0.0,0.0,0.0,0.0
310,32.9003,0.0,0.0,0.0,0.0,0.0,0.0,0.0,0.0,0.0,0.0,0.0,0.0,0.0,0.0,0.0,0.0,0.0,0.0,0.0,0.0,0.0,0.0
311,33.007600000000004,0.0,0.0,0.0,0.0,0.0,0.0,0.0,0.0,0.0,0.0,0.0,0.0,0.0,0.0,0.0,0.0,0.0,0.0,0.0,0.0,0.0,0.0
312,33.114900000000006,0.0,0.0,0.0,0.0,0.0,0.0,0.0,0.0,0.0,0.0,0.0,0.0,0.0,0.0,0.0,0.0,0.0,0.0,0.0,0.0,0.0,0.0
313,33.2222,0.0,0.0,0.0,0.0,0.0,0.0,0.0,0.0,0.0,0.0,0.0,0.0,0.0,0.0,0.0,0.0,0.0,0.0,0.0,0.0,0.0,0.0
314,33.3295,0.0,0.0,0.0,0.0,0.0,0.0,0.0,0.0,0.0,0.0,0.0,0.0,0.0,0.0,0.0,0.0,0.0,0.0,0.0,0.0,0.0,0.0
315,33.436800000000005,0.0,0.0,0.0,0.0,0.0,0.0,0.0,0.0,0.0,0.0,0.0,0.0,0.0,0.0,0.0,0.0,0.0,0.0,0.0,0.0,0.0,0.0
316,33.5441,0.0,0.0,0.0,0.0,0.0,0.0,0.0,0.0,0.0,0.0,0.0,0.0,0.0,0.0,0.0,0.0,0.0,0.0,0.0,0.0,0.0,0.0
317,33.6514,0.0,0.0,0.0,0.0,0.0,0.0,0.0,0.0,0.0,0.0,0.0,0.0,0.0,0.0,0.0,0.0,0.0,0.0,0.0,0.0,0.0,0.0
318,33.758700000000005,0.0,0.0,0.0,0.0,0.0,0.0,0.0,0.0,0.0,0.0,0.0,0.0,0.0,0.0,0.0,0.0,0.0,0.0,0.0,0.0,0.0,0.0
319,33.866,0.0,0.0,0.0,0.0,0.0,0.0,0.0,0.0,0.0,0.0,0.0,0.0,0.0,0.0,0.0,0.0,0.0,0.0,0.0,0.0,0.0,0.0
320,33.9733,0.0,0.0,0.0,0.0,0.0,0.0,0.0,0.0,0.0,0.0,0.0,0.0,0.0,0.0,0.0,0.0,0.0,0.0,0.0,0.0,0.0,0.0
321,34.080600000000004,0.0,0.0,0.0,0.0,0.0,0.0,0.0,0.0,0.0,0.0,0.0,0.0,0.0,0.0,0.0,0.0,0.0,0.0,0.0,0.0,0.0,0.0
322,34.187900000000006,0.0,0.0,0.0,0.0,0.0,0.0,0.0,0.0,0.0,0.0,0.0,0.0,0.0,0.0,0.0,0.0,0.0,0.0,0.0,0.0,0.0,0.0
323,34.2952,0.0,0.0,0.0,0.0,0.0,0.0,0.0,0.0,0.0,0.0,0.0,0.0,0.0,0.0,0.0,0.0,0.0,0.0,0.0,0.0,0.0,0.0
324,34.4025,0.0,0.0,0.0,0.0,0.0,0.0,0.0,0.0,0.0,0.0,0.0,0.0,0.0,0.0,0.0,0.0,0.0,0.0,0.0,0.0,0.0,0.0
325,34.509800000000006,0.0,0.0,0.0,0.0,0.0,0.0,0.0,0.0,0.0,0.0,0.0,0.0,0.0,0.0,0.0,0.0,0.0,0.0,0.0,0.0,0.0,0.0
326,34.6171,0.0,0.0,0.0,0.0,0.0,0.0,0.0,0.0,0.0,0.0,0.0,0.0,0.0,0.0,0.0,0.0,0.0,0.0,0.0,0.0,0.0,0.0
327,34.7244,0.0,0.0,0.0,0.0,0.0,0.0,0.0,0.0,0.0,0.0,0.0,0.0,0.0,0.0,0.0,0.0,0.0,0.0,0.0,0.0,0.0,0.0
328,34.831700000000005,0.0,0.0,0.0,0.0,0.0,0.0,0.0,0.0,0.0,0.0,0.0,0.0,0.0,0.0,0.0,0.0,0.0,0.0,0.0,0.0,0.0,0.0
329,34.939,0.0,0.0,0.0,0.0,0.0,0.0,0.0,0.0,0.0,0.0,0.0,0.0,0.0,0.0,0.0,0.0,0.0,0.0,0.0,0.0,0.0,0.0
330,35.0463,0.0,0.0,0.0,0.0,0.0,0.0,0.0,0.0,0.0,0.0,0.0,0.0,0.0,0.0,0.0,0.0,0.0,0.0,0.0,0.0,0.0,0.0
331,35.153600000000004,0.0,0.0,0.0,0.0,0.0,0.0,0.0,0.0,0.0,0.0,0.0,0.0,0.0,0.0,0.0,0.0,0.0,0.0,0.0,0.0,0.0,0.0
332,35.26090000000001,0.0,0.0,0.0,0.0,0.0,0.0,0.0,0.0,0.0,0.0,0.0,0.0,0.0,0.0,0.0,0.0,0.0,0.0,0.0,0.0,0.0,0.0
333,35.3682,0.0,0.0,0.0,0.0,0.0,0.0,0.0,0.0,0.0,0.0,0.0,0.0,0.0,0.0,0.0,0.0,0.0,0.0,0.0,0.0,0.0,0.0
334,35.475500000000004,0.0,0.0,0.0,0.0,0.0,0.0,0.0,0.0,0.0,0.0,0.0,0.0,0.0,0.0,0.0,0.0,0.0,0.0,0.0,0.0,0.0,0.0
335,35.582800000000006,0.0,0.0,0.0,0.0,0.0,0.0,0.0,0.0,0.0,0.0,0.0,0.0,0.0,0.0,0.0,0.0,0.0,0.0,0.0,0.0,0.0,0.0
336,35.6901,0.0,0.0,0.0,0.0,0.0,0.0,0.0,0.0,0.0,0.0,0.0,0.0,0.0,0.0,0.0,0.0,0.0,0.0,0.0,0.0,0.0,0.0
337,35.7974,0.0,0.0,0.0,0.0,0.0,0.0,0.0,0.0,0.0,0.0,0.0,0.0,0.0,0.0,0.0,0.0,0.0,0.0,0.0,0.0,0.0,0.0
338,35.904700000000005,0.0,0.0,0.0,0.0,0.0,0.0,0.0,0.0,0.0,0.0,0.0,0.0,0.0,0.0,0.0,0.0,0.0,0.0,0.0,0.0,0.0,0.0
339,36.012,0.0,0.0,0.0,0.0,0.0,0.0,0.0,0.0,0.0,0.0,0.0,0.0,0.0,0.0,0.0,0.0,0.0,0.0,0.0,0.0,0.0,0.0
340,36.1193,0.0,0.0,0.0,0.0,0.0,0.0,0.0,0.0,0.0,0.0,0.0,0.0,0.0,0.0,0.0,0.0,0.0,0.0,0.0,0.0,0.0,0.0
341,36.226600000000005,0.0,0.0,0.0,0.0,0.0,0.0,0.0,0.0,0.0,0.0,0.0,0.0,0.0,0.0,0.0,0.0,0.0,0.0,0.0,0.0,0.0,0.0
342,36.3339,0.0,0.0,0.0,0.0,0.0,0.0,0.0,0.0,0.0,0.0,0.0,0.0,0.0,0.0,0.0,0.0,0.0,0.0,0.0,0.0,0.0,0.0
343,36.4412,0.0,0.0,0.0,0.0,0.0,0.0,0.0,0.0,0.0,0.0,0.0,0.0,0.0,0.0,0.0,0.0,0.0,0.0,0.0,0.0,0.0,0.0
344,36.548500000000004,0.0,0.0,0.0,0.0,0.0,0.0,0.0,0.0,0.0,0.0,0.0,0.0,0.0,0.0,0.0,0.0,0.0,0.0,0.0,0.0,0.0,0.0
345,36.655800000000006,0.0,0.0,0.0,0.0,0.0,0.0,0.0,0.0,0.0,0.0,0.0,0.0,0.0,0.0,0.0,0.0,0.0,0.0,0.0,0.0,0.0,0.0
346,36.7631,0.0,0.0,0.0,0.0,0.0,0.0,0.0,0.0,0.0,0.0,0.0,0.0,0.0,0.0,0.0,0.0,0.0,0.0,0.0,0.0,0.0,0.0
347,36.870400000000004,0.0,0.0,0.0,0.0,0.0,0.0,0.0,0.0,0.0,0.0,0.0,0.0,0.0,0.0,0.0,0.0,0.0,0.0,0.0,0.0,0.0,0.0
348,36.977700000000006,0.0,0.0,0.0,0.0,0.0,0.0,0.0,0.0,0.0,0.0,0.0,0.0,0.0,0.0,0.0,0.0,0.0,0.0,0.0,0.0,0.0,0.0
349,37.085,0.0,0.0,0.0,0.0,0.0,0.0,0.0,0.0,0.0,0.0,0.0,0.0,0.0,0.0,0.0,0.0,0.0,0.0,0.0,0.0,0.0,0.0
350,37.1923,0.0,0.0,0.0,0.0,0.0,0.0,0.0,0.0,0.0,0.0,0.0,0.0,0.0,0.0,0.0,0.0,0.0,0.0,0.0,0.0,0.0,0.0
351,37.299600000000005,0.0,0.0,0.0,0.0,0.0,0.0,0.0,0.0,0.0,0.0,0.0,0.0,0.0,0.0,0.0,0.0,0.0,0.0,0.0,0.0,0.0,0.0
352,37.4069,0.0,0.0,0.0,0.0,0.0,0.0,0.0,0.0,0.0,0.0,0.0,0.0,0.0,0.0,0.0,0.0,0.0,0.0,0.0,0.0,0.0,0.0
353,37.5142,0.0,0.0,0.0,0.0,0.0,0.0,0.0,0.0,0.0,0.0,0.0,0.0,0.0,0.0,0.0,0.0,0.0,0.0,0.0,0.0,0.0,0.0
354,37.621500000000005,0.0,0.0,0.0,0.0,0.0,0.0,0.0,0.0,0.0,0.0,0.0,0.0,0.0,0.0,0.0,0.0,0.0,0.0,0.0,0.0,0.0,0.0
355,37.72880000000001,0.0,0.0,0.0,0.0,0.0,0.0,0.0,0.0,0.0,0.0,0.0,0.0,0.0,0.0,0.0,0.0,0.0,0.0,0.0,0.0,0.0,0.0
356,37.8361,0.0,0.0,0.0,0.0,0.0,0.0,0.0,0.0,0.0,0.0,0.0,0.0,0.0,0.0,0.0,0.0,0.0,0.0,0.0,0.0,0.0,0.0
357,37.943400000000004,0.0,0.0,0.0,0.0,0.0,0.0,0.0,0.0,0.0,0.0,0.0,0.0,0.0,0.0,0.0,0.0,0.0,0.0,0.0,0.0,0.0,0.0
358,38.050700000000006,0.0,0.0,0.0,0.0,0.0,0.0,0.0,0.0,0.0,0.0,0.0,0.0,0.0,0.0,0.0,0.0,0.0,0.0,0.0,0.0,0.0,0.0
359,38.158,0.0,0.0,0.0,0.0,0.0,0.0,0.0,0.0,0.0,0.0,0.0,0.0,0.0,0.0,0.0,0.0,0.0,0.0,0.0,0.0,0.0,0.0
360,38.2653,0.0,0.0,0.0,0.0,0.0,0.0,0.0,0.0,0.0,0.0,0.0,0.0,0.0,0.0,0.0,0.0,0.0,0.0,0.0,0.0,0.0,0.0
361,38.372600000000006,0.0,0.0,0.0,0.0,0.0,0.0,0.0,0.0,0.0,0.0,0.0,0.0,0.0,0.0,0.0,0.0,0.0,0.0,0.0,0.0,0.0,0.0
362,38.4799,0.0,0.0,0.0,0.0,0.0,0.0,0.0,0.0,0.0,0.0,0.0,0.0,0.0,0.0,0.0,0.0,0.0,0.0,0.0,0.0,0.0,0.0
363,38.5872,0.0,0.0,0.0,0.0,0.0,0.0,0.0,0.0,0.0,0.0,0.0,0.0,0.0,0.0,0.0,0.0,0.0,0.0,0.0,0.0,0.0,0.0
364,38.694500000000005,0.0,0.0,0.0,0.0,0.0,0.0,0.0,0.0,0.0,0.0,0.0,0.0,0.0,0.0,0.0,0.0,0.0,0.0,0.0,0.0,0.0,0.0
365,38.8018,0.0,0.0,0.0,0.0,0.0,0.0,0.0,0.0,0.0,0.0,0.0,0.0,0.0,0.0,0.0,0.0,0.0,0.0,0.0,0.0,0.0,0.0
366,38.9091,0.0,0.0,0.0,0.0,0.0,0.0,0.0,0.0,0.0,0.0,0.0,0.0,0.0,0.0,0.0,0.0,0.0,0.0,0.0,0.0,0.0,0.0
367,39.016400000000004,0.0,0.0,0.0,0.0,0.0,0.0,0.0,0.0,0.0,0.0,0.0,0.0,0.0,0.0,0.0,0.0,0.0,0.0,0.0,0.0,0.0,0.0
368,39.12370000000001,0.0,0.0,0.0,0.0,0.0,0.0,0.0,0.0,0.0,0.0,0.0,0.0,0.0,0.0,0.0,0.0,0.0,0.0,0.0,0.0,0.0,0.0
369,39.231,0.0,0.0,0.0,0.0,0.0,0.0,0.0,0.0,0.0,0.0,0.0,0.0,0.0,0.0,0.0,0.0,0.0,0.0,0.0,0.0,0.0,0.0
370,39.338300000000004,0.0,0.0,0.0,0.0,0.0,0.0,0.0,0.0,0.0,0.0,0.0,0.0,0.0,0.0,0.0,0.0,0.0,0.0,0.0,0.0,0.0,0.0
371,39.445600000000006,0.0,0.0,0.0,0.0,0.0,0.0,0.0,0.0,0.0,0.0,0.0,0.0,0.0,0.0,0.0,0.0,0.0,0.0,0.0,0.0,0.0,0.0
372,39.5529,0.0,0.0,0.0,0.0,0.0,0.0,0.0,0.0,0.0,0.0,0.0,0.0,0.0,0.0,0.0,0.0,0.0,0.0,0.0,0.0,0.0,0.0
373,39.6602,0.0,0.0,0.0,0.0,0.0,0.0,0.0,0.0,0.0,0.0,0.0,0.0,0.0,0.0,0.0,0.0,0.0,0.0,0.0,0.0,0.0,0.0
374,39.767500000000005,0.0,0.0,0.0,0.0,0.0,0.0,0.0,0.0,0.0,0.0,0.0,0.0,0.0,0.0,0.0,0.0,0.0,0.0,0.0,0.0,0.0,0.0
375,39.8748,0.0,0.0,0.0,0.0,0.0,0.0,0.0,0.0,0.0,0.0,0.0,0.0,0.0,0.0,0.0,0.0,0.0,0.0,0.0,0.0,0.0,0.0
376,39.9821,0.0,0.0,0.0,0.0,0.0,0.0,0.0,0.0,0.0,0.0,0.0,0.0,0.0,0.0,0.0,0.0,0.0,0.0,0.0,0.0,0.0,0.0
377,40.089400000000005,0.0,0.0,0.0,0.0,0.0,0.0,0.0,0.0,0.0,0.0,0.0,0.0,0.0,0.0,0.0,0.0,0.0,0.0,0.0,0.0,0.0,0.0
378,40.19670000000001,0.0,0.0,0.0,0.0,0.0,0.0,0.0,0.0,0.0,0.0,0.0,0.0,0.0,0.0,0.0,0.0,0.0,0.0,0.0,0.0,0.0,0.0
379,40.304,0.0,0.0,0.0,0.0,0.0,0.0,0.0,0.0,0.0,0.0,0.0,0.0,0.0,0.0,0.0,0.0,0.0,0.0,0.0,0.0,0.0,0.0
380,40.411300000000004,0.0,0.0,0.0,0.0,0.0,0.0,0.0,0.0,0.0,0.0,0.0,0.0,0.0,0.0,0.0,0.0,0.0,0.0,0.0,0.0,0.0,0.0
381,40.518600000000006,0.0,0.0,0.0,0.0,0.0,0.0,0.0,0.0,0.0,0.0,0.0,0.0,0.0,0.0,0.0,0.0,0.0,0.0,0.0,0.0,0.0,0.0
382,40.6259,0.0,0.0,0.0,0.0,0.0,0.0,0.0,0.0,0.0,0.0,0.0,0.0,0.0,0.0,0.0,0.0,0.0,0.0,0.0,0.0,0.0,0.0
383,40.733200000000004,0.0,0.0,0.0,0.0,0.0,0.0,0.0,0.0,0.0,0.0,0.0,0.0,0.0,0.0,0.0,0.0,0.0,0.0,0.0,0.0,0.0,0.0
384,40.840500000000006,0.0,0.0,0.0,0.0,0.0,0.0,0.0,0.0,0.0,0.0,0.0,0.0,0.0,0.0,0.0,0.0,0.0,0.0,0.0,0.0,0.0,0.0
385,40.9478,0.0,0.0,0.0,0.0,0.0,0.0,0.0,0.0,0.0,0.0,0.0,0.0,0.0,0.0,0.0,0.0,0.0,0.0,0.0,0.0,0.0,0.0
386,41.0551,0.0,0.0,0.0,0.0,0.0,0.0,0.0,0.0,0.0,0.0,0.0,0.0,0.0,0.0,0.0,0.0,0.0,0.0,0.0,0.0,0.0,0.0
387,41.162400000000005,0.0,0.0,0.0,0.0,0.0,0.0,0.0,0.0,0.0,0.0,0.0,0.0,0.0,0.0,0.0,0.0,0.0,0.0,0.0,0.0,0.0,0.0
388,41.2697,0.0,0.0,0.0,0.0,0.0,0.0,0.0,0.0,0.0,0.0,0.0,0.0,0.0,0.0,0.0,0.0,0.0,0.0,0.0,0.0,0.0,0.0
389,41.377,0.0,0.0,0.0,0.0,0.0,0.0,0.0,0.0,0.0,0.0,0.0,0.0,0.0,0.0,0.0,0.0,0.0,0.0,0.0,0.0,0.0,0.0
390,41.484300000000005,0.0,0.0,0.0,0.0,0.0,0.0,0.0,0.0,0.0,0.0,0.0,0.0,0.0,0.0,0.0,0.0,0.0,0.0,0.0,0.0,0.0,0.0
391,41.59160000000001,0.0,0.0,0.0,0.0,0.0,0.0,0.0,0.0,0.0,0.0,0.0,0.0,0.0,0.0,0.0,0.0,0.0,0.0,0.0,0.0,0.0,0.0
392,41.6989,0.0,0.0,0.0,0.0,0.0,0.0,0.0,0.0,0.0,0.0,0.0,0.0,0.0,0.0,0.0,0.0,0.0,0.0,0.0,0.0,0.0,0.0
393,41.806200000000004,0.0,0.0,0.0,0.0,0.0,0.0,0.0,0.0,0.0,0.0,0.0,0.0,0.0,0.0,0.0,0.0,0.0,0.0,0.0,0.0,0.0,0.0
394,41.913500000000006,0.0,0.0,0.0,0.0,0.0,0.0,0.0,0.0,0.0,0.0,0.0,0.0,0.0,0.0,0.0,0.0,0.0,0.0,0.0,0.0,0.0,0.0
395,42.0208,0.0,0.0,0.0,0.0,0.0,0.0,0.0,0.0,0.0,0.0,0.0,0.0,0.0,0.0,0.0,0.0,0.0,0.0,0.0,0.0,0.0,0.0
396,42.1281,0.0,0.0,0.0,0.0,0.0,0.0,0.0,0.0,0.0,0.0,0.0,0.0,0.0,0.0,0.0,0.0,0.0,0.0,0.0,0.0,0.0,0.0
397,42.235400000000006,0.0,0.0,0.0,0.0,0.0,0.0,0.0,0.0,0.0,0.0,0.0,0.0,0.0,0.0,0.0,0.0,0.0,0.0,0.0,0.0,0.0,0.0
398,42.3427,0.0,0.0,0.0,0.0,0.0,0.0,0.0,0.0,0.0,0.0,0.0,0.0,0.0,0.0,0.0,0.0,0.0,0.0,0.0,0.0,0.0,0.0
399,42.45,0.0,0.0,0.0,0.0,0.0,0.0,0.0,0.0,0.0,0.0,0.0,0.0,0.0,0.0,0.0,0.0,0.0,0.0,0.0,0.0,0.0,0.0
400,42.557300000000005,0.0,0.0,0.0,0.0,0.0,0.0,0.0,0.0,0.0,0.0,0.0,0.0,0.0,0.0,0.0,0.0,0.0,0.0,0.0,0.0,0.0,0.0
401,42.66460000000001,0.0,0.0,0.0,0.0,0.0,0.0,0.0,0.0,0.0,0.0,0.0,0.0,0.0,0.0,0.0,0.0,0.0,0.0,0.0,0.0,0.0,0.0
402,42.7719,0.0,0.0,0.0,0.0,0.0,0.0,0.0,0.0,0.0,0.0,0.0,0.0,0.0,0.0,0.0,0.0,0.0,0.0,0.0,0.0,0.0,0.0
403,42.879200000000004,0.0,0.0,0.0,0.0,0.0,0.0,0.0,0.0,0.0,0.0,0.0,0.0,0.0,0.0,0.0,0.0,0.0,0.0,0.0,0.0,0.0,0.0
404,42.98650000000001,0.0,0.0,0.0,0.0,0.0,0.0,0.0,0.0,0.0,0.0,0.0,0.0,0.0,0.0,0.0,0.0,0.0,0.0,0.0,0.0,0.0,0.0
405,43.0938,0.0,0.0,0.0,0.0,0.0,0.0,0.0,0.0,0.0,0.0,0.0,0.0,0.0,0.0,0.0,0.0,0.0,0.0,0.0,0.0,0.0,0.0
406,43.201100000000004,0.0,0.0,0.0,0.0,0.0,0.0,0.0,0.0,0.0,0.0,0.0,0.0,0.0,0.0,0.0,0.0,0.0,0.0,0.0,0.0,0.0,0.0
407,43.308400000000006,0.0,0.0,0.0,0.0,0.0,0.0,0.0,0.0,0.0,0.0,0.0,0.0,0.0,0.0,0.0,0.0,0.0,0.0,0.0,0.0,0.0,0.0
408,43.4157,0.0,0.0,0.0,0.0,0.0,0.0,0.0,0.0,0.0,0.0,0.0,0.0,0.0,0.0,0.0,0.0,0.0,0.0,0.0,0.0,0.0,0.0
409,43.523,0.0,0.0,0.0,0.0,0.0,0.0,0.0,0.0,0.0,0.0,0.0,0.0,0.0,0.0,0.0,0.0,0.0,0.0,0.0,0.0,0.0,0.0
410,43.630300000000005,0.0,0.0,0.0,0.0,0.0,0.0,0.0,0.0,0.0,0.0,0.0,0.0,0.0,0.0,0.0,0.0,0.0,0.0,0.0,0.0,0.0,0.0
411,43.7376,0.0,0.0,0.0,0.0,0.0,0.0,0.0,0.0,0.0,0.0,0.0,0.0,0.0,0.0,0.0,0.0,0.0,0.0,0.0,0.0,0.0,0.0
412,43.8449,0.0,0.0,0.0,0.0,0.0,0.0,0.0,0.0,0.0,0.0,0.0,0.0,0.0,0.0,0.0,0.0,0.0,0.0,0.0,0.0,0.0,0.0
413,43.952200000000005,0.0,0.0,0.0,0.0,0.0,0.0,0.0,0.0,0.0,0.0,0.0,0.0,0.0,0.0,0.0,0.0,0.0,0.0,0.0,0.0,0.0,0.0
414,44.05950000000001,0.0,0.0,0.0,0.0,0.0,0.0,0.0,0.0,0.0,0.0,0.0,0.0,0.0,0.0,0.0,0.0,0.0,0.0,0.0,0.0,0.0,0.0
415,44.1668,0.0,0.0,0.0,0.0,0.0,0.0,0.0,0.0,0.0,0.0,0.0,0.0,0.0,0.0,0.0,0.0,0.0,0.0,0.0,0.0,0.0,0.0
416,44.274100000000004,0.0,0.0,0.0,0.0,0.0,0.0,0.0,0.0,0.0,0.0,0.0,0.0,0.0,0.0,0.0,0.0,0.0,0.0,0.0,0.0,0.0,0.0
417,44.381400000000006,0.0,0.0,0.0,0.0,0.0,0.0,0.0,0.0,0.0,0.0,0.0,0.0,0.0,0.0,0.0,0.0,0.0,0.0,0.0,0.0,0.0,0.0
418,44.4887,0.0,0.0,0.0,0.0,0.0,0.0,0.0,0.0,0.0,0.0,0.0,0.0,0.0,0.0,0.0,0.0,0.0,0.0,0.0,0.0,0.0,0.0
419,44.596000000000004,0.0,0.0,0.0,0.0,0.0,0.0,0.0,0.0,0.0,0.0,0.0,0.0,0.0,0.0,0.0,0.0,0.0,0.0,0.0,0.0,0.0,0.0
420,44.703300000000006,0.0,0.0,0.0,0.0,0.0,0.0,0.0,0.0,0.0,0.0,0.0,0.0,0.0,0.0,0.0,0.0,0.0,0.0,0.0,0.0,0.0,0.0
421,44.8106,0.0,0.0,0.0,0.0,0.0,0.0,0.0,0.0,0.0,0.0,0.0,0.0,0.0,0.0,0.0,0.0,0.0,0.0,0.0,0.0,0.0,0.0
422,44.9179,0.0,0.0,0.0,0.0,0.0,0.0,0.0,0.0,0.0,0.0,0.0,0.0,0.0,0.0,0.0,0.0,0.0,0.0,0.0,0.0,0.0,0.0
423,45.025200000000005,0.0,0.0,0.0,0.0,0.0,0.0,0.0,0.0,0.0,0.0,0.0,0.0,0.0,0.0,0.0,0.0,0.0,0.0,0.0,0.0,0.0,0.0
424,45.13250000000001,0.0,0.0,0.0,0.0,0.0,0.0,0.0,0.0,0.0,0.0,0.0,0.0,0.0,0.0,0.0,0.0,0.0,0.0,0.0,0.0,0.0,0.0
425,45.2398,0.0,0.0,0.0,0.0,0.0,0.0,0.0,0.0,0.0,0.0,0.0,0.0,0.0,0.0,0.0,0.0,0.0,0.0,0.0,0.0,0.0,0.0
426,45.347100000000005,0.0,0.0,0.0,0.0,0.0,0.0,0.0,0.0,0.0,0.0,0.0,0.0,0.0,0.0,0.0,0.0,0.0,0.0,0.0,0.0,0.0,0.0
427,45.45440000000001,0.0,0.0,0.0,0.0,0.0,0.0,0.0,0.0,0.0,0.0,0.0,0.0,0.0,0.0,0.0,0.0,0.0,0.0,0.0,0.0,0.0,0.0
428,45.5617,0.0,0.0,0.0,0.0,0.0,0.0,0.0,0.0,0.0,0.0,0.0,0.0,0.0,0.0,0.0,0.0,0.0,0.0,0.0,0.0,0.0,0.0
429,45.669000000000004,0.0,0.0,0.0,0.0,0.0,0.0,0.0,0.0,0.0,0.0,0.0,0.0,0.0,0.0,0.0,0.0,0.0,0.0,0.0,0.0,0.0,0.0
430,45.776300000000006,0.0,0.0,0.0,0.0,0.0,0.0,0.0,0.0,0.0,0.0,0.0,0.0,0.0,0.0,0.0,0.0,0.0,0.0,0.0,0.0,0.0,0.0
431,45.8836,0.0,0.0,0.0,0.0,0.0,0.0,0.0,0.0,0.0,0.0,0.0,0.0,0.0,0.0,0.0,0.0,0.0,0.0,0.0,0.0,0.0,0.0
432,45.9909,0.0,0.0,0.0,0.0,0.0,0.0,0.0,0.0,0.0,0.0,0.0,0.0,0.0,0.0,0.0,0.0,0.0,0.0,0.0,0.0,0.0,0.0
433,46.098200000000006,0.0,0.0,0.0,0.0,0.0,0.0,0.0,0.0,0.0,0.0,0.0,0.0,0.0,0.0,0.0,0.0,0.0,0.0,0.0,0.0,0.0,0.0
434,46.2055,0.0,0.0,0.0,0.0,0.0,0.0,0.0,0.0,0.0,0.0,0.0,0.0,0.0,0.0,0.0,0.0,0.0,0.0,0.0,0.0,0.0,0.0
435,46.3128,0.0,0.0,0.0,0.0,0.0,0.0,0.0,0.0,0.0,0.0,0.0,0.0,0.0,0.0,0.0,0.0,0.0,0.0,0.0,0.0,0.0,0.0
436,46.420100000000005,0.0,0.0,0.0,0.0,0.0,0.0,0.0,0.0,0.0,0.0,0.0,0.0,0.0,0.0,0.0,0.0,0.0,0.0,0.0,0.0,0.0,0.0
437,46.52740000000001,0.0,0.0,0.0,0.0,0.0,0.0,0.0,0.0,0.0,0.0,0.0,0.0,0.0,0.0,0.0,0.0,0.0,0.0,0.0,0.0,0.0,0.0
438,46.6347,0.0,0.0,0.0,0.0,0.0,0.0,0.0,0.0,0.0,0.0,0.0,0.0,0.0,0.0,0.0,0.0,0.0,0.0,0.0,0.0,0.0,0.0
439,46.742000000000004,0.0,0.0,0.0,0.0,0.0,0.0,0.0,0.0,0.0,0.0,0.0,0.0,0.0,0.0,0.0,0.0,0.0,0.0,0.0,0.0,0.0,0.0
440,46.84930000000001,0.0,0.0,0.0,0.0,0.0,0.0,0.0,0.0,0.0,0.0,0.0,0.0,0.0,0.0,0.0,0.0,0.0,0.0,0.0,0.0,0.0,0.0
441,46.9566,0.0,0.0,0.0,0.0,0.0,0.0,0.0,0.0,0.0,0.0,0.0,0.0,0.0,0.0,0.0,0.0,0.0,0.0,0.0,0.0,0.0,0.0
442,47.063900000000004,0.0,0.0,0.0,0.0,0.0,0.0,0.0,0.0,0.0,0.0,0.0,0.0,0.0,0.0,0.0,0.0,0.0,0.0,0.0,0.0,0.0,0.0
443,47.171200000000006,0.0,0.0,0.0,0.0,0.0,0.0,0.0,0.0,0.0,0.0,0.0,0.0,0.0,0.0,0.0,0.0,0.0,0.0,0.0,0.0,0.0,0.0
444,47.2785,0.0,0.0,0.0,0.0,0.0,0.0,0.0,0.0,0.0,0.0,0.0,0.0,0.0,0.0,0.0,0.0,0.0,0.0,0.0,0.0,0.0,0.0
445,47.3858,0.0,0.0,0.0,0.0,0.0,0.0,0.0,0.0,0.0,0.0,0.0,0.0,0.0,0.0,0.0,0.0,0.0,0.0,0.0,0.0,0.0,0.0
446,47.493100000000005,0.0,0.0,0.0,0.0,0.0,0.0,0.0,0.0,0.0,0.0,0.0,0.0,0.0,0.0,0.0,0.0,0.0,0.0,0.0,0.0,0.0,0.0
447,47.60040000000001,0.0,0.0,0.0,0.0,0.0,0.0,0.0,0.0,0.0,0.0,0.0,0.0,0.0,0.0,0.0,0.0,0.0,0.0,0.0,0.0,0.0,0.0
448,47.7077,0.0,0.0,0.0,0.0,0.0,0.0,0.0,0.0,0.0,0.0,0.0,0.0,0.0,0.0,0.0,0.0,0.0,0.0,0.0,0.0,0.0,0.0
449,47.815000000000005,0.0,0.0,0.0,0.0,0.0,0.0,0.0,0.0,0.0,0.0,0.0,0.0,0.0,0.0,0.0,0.0,0.0,0.0,0.0,0.0,0.0,0.0
